,,,,,,,Playing Time,,,,Performance,,,,,,,,Per 90 Minutes,,,,,
Rk,Player,Nation,Pos,Squad,Age,Born,MP,Starts,Min,90s,Gls,Ast,G+A,G-PK,PK,PKatt,CrdY,CrdR,Gls,Ast,G+A,G-PK,G+A-PK,Matches
1,Matías Abaldo,uy URU,"MF,FW",Independiente,22-062,2004,15,15,"1,262",14,5,1,6,5,0,0,1,1,0.36,0.07,0.43,0.36,0.43,Matches
2,Carlos Abeldano,ar ARG,FW,Atlé Tucumán,21-056,2005,9,6,575,6.4,1,0,1,1,0,0,2,0,0.16,0,0.16,0.16,0.16,Matches
3,Ramón Ábila,ar ARG,FW,Estudiantes–RC,36-233,1989,8,1,196,2.2,0,0,0,0,0,0,2,0,0,0,0,0,0,Matches
4,Ignacio Abraham,sy SYR,"DF,MF",Banfield,28-143,1998,16,16,"1,440",16,0,4,4,0,0,0,1,0,0,0.25,0.25,0,0.25,Matches
5,Gonzalo Abrego,ar ARG,MF,San Lorenzo,26-148,2000,11,6,510,5.7,0,0,0,0,0,0,1,0,0,0,0,0,0,Matches
6,Gustavo Abregú,ar ARG,MF,Instituto,28-335,1997,14,12,"1,073",11.9,0,1,1,0,0,0,1,0,0,0.08,0.08,0,0.08,Matches
7,Jonás Acevedo,ar ARG,MF,Instituto,29-118,1997,7,1,167,1.9,0,0,0,0,0,0,0,0,0,0,0,0,0,Matches
8,Benjamin Acosta,ar ARG,FW,Lanús,20-116,2006,1,0,22,0.2,0,0,0,0,0,0,0,0,0,0,0,0,0,Matches
9,Marcos Acuña,ar ARG,DF,River Plate,34-219,1991,11,9,837,9.3,0,1,1,0,0,0,7,0,0,0.11,0.11,0,0.11,Matches
10,Valentino Acuña,ar ARG,MF,Newell's Old Boys,20-128,2006,5,4,295,3.3,0,0,0,0,0,0,1,0,0,0,0,0,0,Matches
11,Tomás Adoryán,am ARM,MF,Banfield,24-255,2001,11,5,541,6,0,1,1,0,0,0,4,0,0,0.17,0.17,0,0.17,Matches
12,Alan Aguerre,ar ARG,GK,Cen. Córdoba–SdE,35-285,1990,16,16,"1,374",15.3,0,1,1,0,0,0,2,0,0,0.07,0.07,0,0.07,Matches
13,Mateo Aguiar,ar ARG,MF,Defensa y Justicia,19-078,2007,9,0,157,1.7,0,0,0,0,0,0,1,1,0,0,0,0,0,Matches
14,Pablo Aguiar,ar ARG,MF,Gimnasia–LP,20-078,2006,5,2,148,1.6,0,0,0,0,0,0,0,0,0,0,0,0,0,Matches
15,Brian Aguirre,ar ARG,"FW,MF",Boca Juniors,23-003,2003,1,0,22,0.2,0,0,0,0,0,0,0,0,0,0,0,0,0,Matches
16,Brian Aguirre,ar ARG,MF,Estudiantes–LP,23-003,2003,9,4,433,4.8,1,2,3,1,0,0,2,0,0.21,0.42,0.62,0.21,0.62,Matches
17,Misael Aguirre,ar ARG,FW,Unión,18-218,2007,9,0,201,2.2,0,0,0,0,0,0,0,0,0,0,0,0,0,Matches
18,Manuel Agustín Duarte,ar ARG,MF,Barracas Central,24-285,2001,3,0,62,0.7,0,0,0,0,0,0,0,0,0,0,0,0,0,Matches
19,Facundo Alaggia,ar ARG,MF,Sarmiento–J,21-003,2005,4,0,42,0.5,0,0,0,0,0,0,0,0,0,0,0,0,0,Matches
20,Gabriel Alanís,ar ARG,"MF,FW",Estudiantes–RC,32-080,1994,15,11,910,10.1,1,0,1,1,0,0,0,1,0.1,0,0.1,0.1,0.1,Matches
21,Fernando Alarcón,ar ARG,DF,Instituto,31-353,1994,13,13,"1,125",12.5,0,0,0,0,0,0,5,0,0,0,0,0,0,Matches
22,William Alarcón,cl CHI,MF,Boca Juniors,25-196,2000,5,5,323,3.6,0,1,1,0,0,0,1,0,0,0.28,0.28,0,0.28,Matches
23,Lucas Alario,ar ARG,FW,Estudiantes–LP,33-239,1992,3,1,114,1.3,1,0,1,1,0,0,0,0,0.79,0,0.79,0.79,0.79,Matches
24,Rodrigo Aliendro,ar ARG,MF,Vélez Sarsfield,35-108,1991,16,7,736,8.2,0,0,0,0,0,0,1,0,0,0,0,0,0,Matches
25,Antony Alonso,ar ARG,"MF,FW",Deportivo Riestra,28-024,1998,16,14,"1,207",13.4,2,0,2,2,0,0,2,0,0.15,0,0.15,0.15,0.15,Matches
Rk,Player,Nation,Pos,Squad,Age,Born,MP,Starts,Min,90s,Gls,Ast,G+A,G-PK,PK,PKatt,CrdY,CrdR,Gls,Ast,G+A,G-PK,G+A-PK,Matches
26,Facundo Altamira,,MF,Defensa y Justicia,,,6,1,166,1.8,0,0,0,0,0,0,1,0,0,0,0,0,0,Matches
27,Emiliano Álvarez,uy URU,DF,Unión,25-118,2001,4,0,77,0.9,0,1,1,0,0,0,0,0,0,1.17,1.17,0,1.17,Matches
28,Fabio Álvarez,ar ARG,"FW,MF",Banfield,33-132,1993,1,0,8,0.1,0,0,0,0,0,0,0,0,0,0,0,0,0,Matches
29,Federico Álvarez,ar ARG,DF,Tigre,31-301,1994,14,13,"1,148",12.8,0,1,1,0,0,0,2,0,0,0.08,0.08,0,0.08,Matches
30,Francisco Álvarez,ar ARG,DF,Arg Juniors,26-098,2000,15,15,"1,343",14.9,1,0,1,1,0,0,6,0,0.07,0,0.07,0.07,0.07,Matches
31,Juan Álvarez,ar ARG,"FW,MF",Gimnasia–M,30-114,1996,1,0,29,0.3,0,0,0,0,0,0,0,0,0,0,0,0,0,Matches
32,Franco Amarfil,ar ARG,MF,Platense,25-085,2001,14,13,999,11.1,0,0,0,0,0,0,5,0,0,0,0,0,0,Matches
33,Mikel Amondarain,ar ARG,MF,Estudiantes–LP,21-149,2005,14,9,957,10.6,2,1,3,2,0,0,2,0,0.19,0.09,0.28,0.19,0.28,Matches
34,Emiliano Amor,sy SYR,DF,Defensa y Justicia,31-019,1995,15,15,"1,304",14.5,1,0,1,1,0,0,2,0,0.07,0,0.07,0.07,0.07,Matches
35,Brian Andrada,ar ARG,"FW,MF",Gimnasia–M,28-347,1997,4,3,176,2,0,0,0,0,0,0,0,0,0,0,0,0,0,Matches
36,Tobías Andrada,ar ARG,MF,Vélez Sarsfield,19-122,2007,15,15,"1,349",15,1,0,1,1,0,0,5,0,0.07,0,0.07,0.07,0.07,Matches
37,Luis Angulo,co COL,MF,Talleres–C,22-073,2004,1,0,13,0.1,0,0,0,0,0,0,0,0,0,0,0,0,0,Matches
38,Federico Anselmo,ar ARG,FW,Banfield,32-048,1994,4,0,52,0.6,0,0,0,0,0,0,0,0,0,0,0,0,0,Matches
39,Felipe Anso,ar ARG,MF,Aldosivi,19-088,2007,3,3,231,2.6,1,0,1,1,0,0,0,0,0.39,0,0.39,0.39,0.39,Matches
40,Fermín Antonini,ar ARG,MF,Gimnasia–M,28-337,1997,12,10,755,8.4,0,1,1,0,0,0,4,0,0,0.12,0.12,0,0.12,Matches
41,Juan Antonini,ar ARG,DF,Estudiantes–RC,27-092,1999,11,10,895,9.9,0,0,0,0,0,0,0,1,0,0,0,0,0,Matches
42,Dylan Aquino,ar ARG,MF,Lanús,21-000,2005,12,4,448,5,5,1,6,5,0,0,4,0,1,0.2,1.21,1,1.21,Matches
43,Tomás Aranda,ar ARG,"MF,FW",Boca Juniors,19-026,2007,13,6,648,7.2,1,2,3,1,0,0,2,0,0.14,0.28,0.42,0.14,0.42,Matches
44,Danilo Arboleda,co COL,DF,Banfield,31-019,1995,14,14,"1,194",13.3,0,0,0,0,0,0,2,0,0,0,0,0,0,Matches
45,Alex Arce,py PAR,FW,Ind. Rivadavia,30-353,1995,9,3,388,4.3,2,0,2,2,0,0,1,0,0.46,0,0.46,0.46,0.46,Matches
46,Ignacio Arce,ar ARG,GK,Deportivo Riestra,34-057,1992,16,16,"1,440",16,0,0,0,0,0,0,4,0,0,0,0,0,0,Matches
47,Gabriel Arias,cl CHI,GK,Newell's Old Boys,38-264,1987,7,7,612,6.8,0,0,0,0,0,0,1,0,0,0,0,0,0,Matches
48,Junior Arias,uy URU,FW,Aldosivi,33-018,1993,11,9,714,7.9,0,0,0,0,0,0,2,0,0,0,0,0,0,Matches
49,Matías Arias,ar ARG,MF,Vélez Sarsfield,19-027,2007,5,1,137,1.5,0,1,1,0,0,0,1,0,0,0.66,0.66,0,0.66,Matches
50,Ramón Arias,uy URU,DF,Tigre,33-312,1992,7,3,293,3.3,0,0,0,0,0,0,0,0,0,0,0,0,0,Matches
Rk,Player,Nation,Pos,Squad,Age,Born,MP,Starts,Min,90s,Gls,Ast,G+A,G-PK,PK,PKatt,CrdY,CrdR,Gls,Ast,G+A,G-PK,G+A-PK,Matches
51,Santiago Arias,co COL,DF,Independiente,34-142,1992,12,8,824,9.2,0,2,2,0,0,0,1,0,0,0.22,0.22,0,0.22,Matches
52,Joaquín Ariel Novillo,ar ARG,DF,Aldosivi,28-105,1998,8,8,654,7.3,0,0,0,0,0,0,0,0,0,0,0,0,0,Matches
53,Franco Armani,ar ARG,GK,River Plate,39-231,1986,1,1,45,0.5,0,0,0,0,0,0,0,0,0,0,0,0,0,Matches
54,Blas Armoa,py PAR,FW,Gimnasia–M,26-121,2000,7,2,252,2.8,1,0,1,1,0,0,1,0,0.36,0,0.36,0.36,0.36,Matches
55,Gaston Arturia,ar ARG,DF,Sarmiento–J,26-218,1999,6,5,416,4.6,0,0,0,0,0,0,1,0,0,0,0,0,0,Matches
56,Santiago Ascacíbar,ar ARG,MF,Estudiantes–LP,29-099,1997,1,1,90,1,0,0,0,0,0,0,0,0,0,0,0,0,0,Matches
57,Santiago Ascacíbar,ar ARG,MF,Boca Juniors,29-099,1997,12,9,852,9.5,2,0,2,2,0,0,3,0,0.21,0,0.21,0.21,0.21,Matches
58,Jorge de Asís,ar ARG,FW,Gimnasia–LP,20-126,2006,2,0,23,0.3,0,0,0,0,0,0,0,1,0,0,0,0,0,Matches
59,Rodrigo Atencio,ar ARG,"MF,FW",Ind. Rivadavia,23-339,2002,15,5,649,7.2,0,4,4,0,0,0,0,0,0,0.55,0.55,0,0.55,Matches
60,Agustín Auzmendi,ar ARG,FW,Gimnasia–LP,29-123,1997,16,4,588,6.5,2,2,4,2,0,0,0,0,0.31,0.31,0.61,0.31,0.61,Matches
61,Rodrigo Auzmendi,ar ARG,FW,San Lorenzo,25-153,2001,7,4,398,4.4,3,0,3,3,0,0,1,0,0.68,0,0.68,0.68,0.68,Matches
62,Rodrigo Auzmendi,ar ARG,FW,Banfield,25-153,2001,7,1,187,2.1,0,0,0,0,0,0,1,0,0,0,0,0,0,Matches
63,Gabriel Ávalos,py PAR,FW,Independiente,35-235,1990,16,16,"1,414",15.7,9,5,14,7,2,2,2,0,0.57,0.32,0.89,0.45,0.76,Matches
64,Gastón Ávila,ar ARG,DF,Rosario Central,24-247,2001,10,8,739,8.2,1,1,2,1,0,0,1,0,0.12,0.12,0.24,0.12,0.24,Matches
65,Renzo Bacchia,uy URU,GK,Estudiantes–RC,27-132,1999,5,5,450,5,0,0,0,0,0,0,1,0,0,0,0,0,0,Matches
66,Gabriel Báez,ar ARG,DF,Talleres–C,30-318,1995,6,6,487,5.4,0,0,0,0,0,0,1,0,0,0,0,0,0,Matches
67,Claudio Baeza,cl CHI,MF,Vélez Sarsfield,32-163,1993,14,10,925,10.3,0,0,0,0,0,0,4,0,0,0,0,0,0,Matches
68,Mateo Bajamich,ar ARG,FW,Estudiantes–RC,26-305,1999,15,10,812,9,1,0,1,1,0,0,0,0,0.11,0,0.11,0.11,0.11,Matches
69,Éver Banega,ar ARG,MF,Defensa y Justicia,37-340,1988,10,3,355,3.9,0,0,0,0,0,0,2,0,0,0,0,0,0,Matches
70,Nahuel Banegas,ar ARG,DF,Tigre,29-241,1996,5,3,292,3.2,0,0,0,0,0,0,0,0,0,0,0,0,0,Matches
71,Miguel Barbieri,ar ARG,DF,Deportivo Riestra,32-284,1993,9,7,566,6.3,0,0,0,0,0,0,4,0,0,0,0,0,0,Matches
72,David Barbona,ar ARG,FW,Defensa y Justicia,31-102,1995,9,2,284,3.2,1,0,1,1,0,0,0,0,0.32,0,0.32,0.32,0.32,Matches
73,Nahuel Barboza,ar ARG,MF,Gimnasia–M,26-261,1999,10,5,583,6.5,0,0,0,0,0,0,2,0,0,0,0,0,0,Matches
74,Renzo Miguel Orihuela Barcos,uy URU,DF,Sarmiento–J,25-061,2001,6,5,495,5.5,0,0,0,0,0,0,1,0,0,0,0,0,0,Matches
75,Adam Bareiro,py PAR,FW,Boca Juniors,29-313,1996,9,7,675,7.5,3,1,4,3,0,0,4,0,0.4,0.13,0.53,0.4,0.53,Matches
Rk,Player,Nation,Pos,Squad,Age,Born,MP,Starts,Min,90s,Gls,Ast,G+A,G-PK,PK,PKatt,CrdY,CrdR,Gls,Ast,G+A,G-PK,G+A-PK,Matches
76,Juan Barinaga,ar ARG,DF,Boca Juniors,25-237,2000,9,9,710,7.9,0,0,0,0,0,0,1,0,0,0,0,0,0,Matches
77,Williams Barlasina,ar ARG,GK,Newell's Old Boys,27-340,1998,5,4,378,4.2,0,0,0,0,0,0,0,0,0,0,0,0,0,Matches
78,Giovanni Baroni,ar ARG,"MF,FW",Talleres–C,17-134,2009,12,8,646,7.2,0,3,3,0,0,0,1,0,0,0.42,0.42,0,0.42,Matches
79,Diego Barrera,ar ARG,"MF,DF",Cen. Córdoba–SdE,21-347,2004,15,12,"1,049",11.7,3,0,3,3,0,0,4,0,0.26,0,0.26,0.26,0.26,Matches
80,Alan Barrionuevo,ar ARG,DF,Tigre,29-153,1997,15,15,"1,350",15,2,2,4,2,0,0,1,0,0.13,0.13,0.27,0.13,0.27,Matches
81,Martín Barrios,uy URU,MF,Platense,27-131,1999,7,3,297,3.3,0,0,0,0,0,0,1,0,0,0,0,0,0,Matches
82,Nahuel Barrios,ar ARG,MF,San Lorenzo,28-028,1998,7,2,247,2.7,0,1,1,0,0,0,1,0,0,0.36,0.36,0,0.36,Matches
83,Rafael Barrios,ar ARG,"MF,DF",Barracas Central,33-012,1993,9,7,497,5.5,0,0,0,0,0,0,0,0,0,0,0,0,0,Matches
84,Bautista Barros Schelotto,ar ARG,DF,Gimnasia–LP,26-142,2000,2,1,100,1.1,0,0,0,0,0,0,1,0,0,0,0,0,0,Matches
85,Bruno Barticciotto,cl CHI,FW,Talleres–C,25-028,2001,3,1,53,0.6,0,1,1,0,0,0,0,0,0,1.7,1.7,0,1.7,Matches
86,Tomás Belmonte,ar ARG,MF,Boca Juniors,28-008,1998,10,7,598,6.6,0,0,0,0,0,0,2,0,0,0,0,0,0,Matches
87,Santiago Beltrán,ar ARG,GK,River Plate,21-243,2004,16,15,"1,395",15.5,0,0,0,0,0,0,0,0,0,0,0,0,0,Matches
88,Gastón Benedetti,ar ARG,DF,Estudiantes–LP,25-067,2001,14,12,"1,117",12.4,0,2,2,0,0,0,3,0,0,0.16,0.16,0,0.16,Matches
89,Nicolás Benegas,ar ARG,FW,Deportivo Riestra,30-095,1996,11,4,446,5,1,0,1,1,0,0,5,0,0.2,0,0.2,0.2,0.2,Matches
90,Alcides Benítez,py PAR,"MF,DF",Belgrano,23-341,2002,15,12,992,11,0,0,0,0,0,0,5,0,0,0,0,0,0,Matches
91,Martín Benítez,ar ARG,FW,Atlé Tucumán,31-352,1994,3,1,95,1.1,1,0,1,0,1,1,0,0,0.95,0,0.95,0,0,Matches
92,Fernando Bersano,ar ARG,"DF,MF",Estudiantes–RC,28-152,1998,1,0,19,0.2,0,0,0,0,0,0,0,0,0,0,0,0,0,Matches
93,Lucas Besozzi,ar ARG,MF,Lanús,23-133,2003,12,1,282,3.1,0,2,2,0,0,0,0,0,0,0.64,0.64,0,0.64,Matches
94,Juan Bisanz,ar ARG,"MF,FW",Huracán,24-280,2001,12,3,444,4.9,2,1,3,2,0,0,1,0,0.41,0.2,0.61,0.41,0.61,Matches
95,Lautaro Blanco,ar ARG,DF,Boca Juniors,27-105,1999,13,12,"1,091",12.1,1,0,1,1,0,0,0,0,0.08,0,0.08,0.08,0.08,Matches
96,Lucas Blondel,ch SUI,"MF,DF",Huracán,29-263,1996,8,7,647,7.2,1,0,1,1,0,0,3,0,0.14,0,0.14,0.14,0.14,Matches
97,Roberto Bochi,ar ARG,MF,Aldosivi,38-333,1987,10,9,672,7.5,0,0,0,0,0,0,3,0,0,0,0,0,0,Matches
98,Rodrigo Bogarín,py PAR,MF,Barracas Central,29-011,1997,5,1,159,1.8,0,0,0,0,0,0,0,0,0,0,0,0,0,Matches
99,Nicolás Bolcato,ar ARG,GK,Ind. Rivadavia,22-029,2004,15,14,"1,337",14.9,0,0,0,0,0,0,1,0,0,0,0,0,0,Matches
100,Cayetano Bolzán,ar ARG,FW,Gimnasia–LP,20-082,2006,3,0,39,0.4,0,0,0,0,0,0,0,0,0,0,0,0,0,Matches
Rk,Player,Nation,Pos,Squad,Age,Born,MP,Starts,Min,90s,Gls,Ast,G+A,G-PK,PK,PKatt,CrdY,CrdR,Gls,Ast,G+A,G-PK,G+A-PK,Matches
101,Ezequiel Bonifacio,ar ARG,DF,Ind. Rivadavia,32-026,1994,11,6,520,5.8,0,1,1,0,0,0,2,0,0,0.17,0.17,0,0.17,Matches
102,Matías Borgogno,ar ARG,GK,Platense,27-287,1998,16,16,"1,440",16,0,0,0,0,0,0,1,0,0,0,0,0,0,Matches
103,Benjamín Bosch,ar ARG,FW,Platense,20-354,2005,2,0,23,0.3,0,0,0,0,0,0,0,0,0,0,0,0,0,Matches
104,Rubén Botta,ar ARG,"MF,FW",Defensa y Justicia,36-124,1990,13,13,849,9.4,1,1,2,1,0,1,3,1,0.11,0.11,0.21,0.11,0.21,Matches
105,Tomás Bottari,ar ARG,MF,Ind. Rivadavia,25-039,2001,10,9,780,8.7,0,0,0,0,0,0,1,0,0,0,0,0,0,Matches
106,Walter Bou,ar ARG,FW,Lanús,32-283,1993,10,8,578,6.4,2,0,2,1,1,1,1,0,0.31,0,0.31,0.16,0.16,Matches
107,Mariano Bracamonte,ar ARG,"DF,MF",Deportivo Riestra,27-041,1999,5,5,411,4.6,1,0,1,1,0,0,2,0,0.22,0,0.22,0.22,0.22,Matches
108,Malcom Braida,ar ARG,DF,Boca Juniors,29-018,1997,5,4,353,3.9,0,0,0,0,0,0,0,0,0,0,0,0,0,Matches
109,Agustin Bravo,ar ARG,DF,Instituto,25-024,2001,2,1,107,1.2,0,0,0,0,0,0,0,0,0,0,0,0,0,Matches
110,Claudio Bravo,ar ARG,DF,Arg Juniors,29-083,1997,5,1,134,1.5,0,0,0,0,0,0,1,0,0,0,0,0,0,Matches
111,Néstor Breitenbruch,ar ARG,DF,Aldosivi,30-264,1995,3,3,270,3,0,0,0,0,0,0,0,0,0,0,0,0,0,Matches
112,Leandro Brey,ar ARG,GK,Boca Juniors,23-256,2002,5,4,369,4.1,0,0,0,0,0,0,0,0,0,0,0,0,0,Matches
113,Norberto Briasco,am ARM,"FW,MF",Barracas Central,30-095,1996,10,5,460,5.1,1,0,1,1,0,0,2,0,0.2,0,0.2,0.2,0.2,Matches
114,Manuel Brondo,ar ARG,FW,Atlé Tucumán,24-099,2002,6,0,97,1.1,0,0,0,0,0,0,0,0,0,0,0,0,0,Matches
115,Jorge Broun,ar ARG,GK,Rosario Central,40-009,1986,4,4,360,4,0,0,0,0,0,0,0,0,0,0,0,0,0,Matches
116,Facundo Bruera,ar ARG,FW,Barracas Central,27-254,1998,15,10,948,10.5,1,1,2,1,0,0,5,0,0.09,0.09,0.19,0.09,0.19,Matches
117,Leonel Bucca,ar ARG,MF,Ind. Rivadavia,27-076,1999,6,3,247,2.7,4,0,4,4,0,0,0,0,1.46,0,1.46,1.46,1.46,Matches
118,Joaquín Burgos,ar ARG,MF,Estudiantes–LP,21-172,2004,8,5,323,3.6,0,2,2,0,0,0,0,0,0,0.56,0.56,0,0.56,Matches
119,Javier Burrai,ec ECU,GK,Sarmiento–J,35-238,1990,16,16,"1,440",16,0,0,0,0,0,0,3,0,0,0,0,0,0,Matches
120,Felipe Bussio,ar ARG,MF,Platense,21-353,2004,10,6,505,5.6,0,0,0,0,0,0,2,0,0,0,0,0,0,Matches
121,Fabricio Bustos,ar ARG,DF,River Plate,30-037,1996,3,2,180,2,0,0,0,0,0,0,0,0,0,0,0,0,0,Matches
122,Luciano Cabral,cl CHI,MF,Independiente,31-039,1995,8,2,251,2.8,1,0,1,1,0,0,1,1,0.36,0,0.36,0.36,0.36,Matches
123,Alejandro Cabrera,ar ARG,MF,Estudiantes–RC,33-247,1992,11,9,710,7.9,0,0,0,0,0,0,4,0,0,0,0,0,0,Matches
124,Bruno Cabrera,ar ARG,MF,Lanús,22-348,2003,8,2,303,3.4,0,0,0,0,0,0,1,0,0,0,0,0,0,Matches
125,Bruno Cabrera,ar ARG,DF,Newell's Old Boys,29-037,1997,6,4,334,3.7,0,0,0,0,0,0,2,1,0,0,0,0,0,Matches
Rk,Player,Nation,Pos,Squad,Age,Born,MP,Starts,Min,90s,Gls,Ast,G+A,G-PK,PK,PKatt,CrdY,CrdR,Gls,Ast,G+A,G-PK,G+A-PK,Matches
126,Elías Cabrera,ar ARG,MF,Tigre,23-099,2003,10,7,555,6.2,0,0,0,0,0,0,2,0,0,0,0,0,0,Matches
127,Marcelo Cabrera,ar ARG,DF,Rosario Central,19-267,2006,1,0,27,0.3,0,0,0,0,0,0,0,0,0,0,0,0,0,Matches
128,Máximo Cabrera,ar ARG,GK,Gimnasia–LP,19-281,2006,1,1,90,1,0,0,0,0,0,0,0,0,0,0,0,0,0,Matches
129,Darío Cáceres,py PAR,"MF,DF",Defensa y Justicia,28-129,1998,8,3,308,3.4,0,0,0,0,0,0,0,0,0,0,0,0,0,Matches
130,Mateo Caceres,ar ARG,MF,Talleres–C,23-252,2002,14,7,647,7.2,0,0,0,0,0,0,2,0,0,0,0,0,0,Matches
131,Jordy Caicedo,ec ECU,FW,Huracán,28-198,1997,15,15,"1,322",14.7,8,0,8,5,3,3,7,0,0.54,0,0.54,0.34,0.34,Matches
132,Facundo Cambeses,ar ARG,GK,Racing Club,29-056,1997,16,16,"1,440",16,0,0,0,0,0,0,1,0,0,0,0,0,0,Matches
133,Jaminton Campaz,co COL,"MF,FW",Rosario Central,26-011,2000,11,8,729,8.1,1,4,5,1,0,0,0,0,0.12,0.49,0.62,0.12,0.62,Matches
134,Gastón Campi,ar ARG,DF,Barracas Central,35-059,1991,7,6,542,6,0,0,0,0,0,0,2,0,0,0,0,0,0,Matches
135,Ignacio Campo,ar ARG,DF,Huracán,21-066,2005,8,7,585,6.5,1,1,2,1,0,0,4,0,0.15,0.15,0.31,0.15,0.31,Matches
136,José Canale,py PAR,DF,Lanús,29-319,1996,12,12,"1,080",12,0,0,0,0,0,0,1,0,0,0,0,0,0,Matches
137,Jhonatan Candia,uy URU,FW,Barracas Central,31-081,1995,14,9,751,8.3,1,0,1,1,0,0,2,0,0.12,0,0.12,0.12,0.12,Matches
138,Ezequiel Cannavo,ar ARG,DF,Racing Club,23-357,2002,13,13,"1,146",12.7,0,0,0,0,0,0,1,0,0,0,0,0,0,Matches
139,Giovanni Cantizano,ar ARG,MF,Rosario Central,19-075,2007,2,1,106,1.2,0,0,0,0,0,0,0,0,0,0,0,0,0,Matches
140,Nicolás Capraro,ar ARG,DF,Barracas Central,28-093,1998,13,11,997,11.1,0,0,0,0,0,0,2,0,0,0,0,0,0,Matches
141,Valentin Carboni,ar ARG,FW,Racing Club,21-091,2005,5,3,202,2.2,0,0,0,0,0,0,1,0,0,0,0,0,0,Matches
142,Mauricio Cardillo,ar ARG,MF,San Lorenzo,23-085,2003,7,2,225,2.5,0,0,0,0,0,0,0,0,0,0,0,0,0,Matches
143,Agustín Cardozo,ar ARG,MF,Lanús,29-005,1997,13,13,"1,156",12.8,0,1,1,0,0,0,0,0,0,0.08,0.08,0,0.08,Matches
144,Juan Cardozo,py PAR,MF,Cen. Córdoba–SdE,22-100,2004,9,5,522,5.8,0,0,0,0,0,0,0,0,0,0,0,0,0,Matches
145,Thiago Cardozo,uy URU,GK,Belgrano,29-308,1996,16,16,"1,440",16,0,0,0,0,0,0,0,0,0,0,0,0,0,Matches
146,Lautaro Carrera,ar ARG,DF,Gimnasia–M,23-005,2003,8,3,374,4.2,0,0,0,0,0,0,0,0,0,0,0,0,0,Matches
147,Ramiro Carrera,ar ARG,"MF,FW",Lanús,32-223,1993,15,12,965,10.7,2,3,5,2,0,0,7,0,0.19,0.28,0.47,0.19,0.47,Matches
148,Guido Carrillo,ar ARG,FW,Estudiantes–LP,35-010,1991,11,10,891,9.9,1,1,2,1,0,0,0,0,0.1,0.1,0.2,0.1,0.2,Matches
149,Facundo Carrizo,ar ARG,FW,Arg Juniors,19-004,2007,2,0,16,0.2,0,0,0,0,0,0,0,0,0,0,0,0,0,Matches
150,Lucas Carrizo,ar ARG,"DF,MF",Huracán,29-015,1997,12,9,910,10.1,0,0,0,0,0,0,2,1,0,0,0,0,0,Matches
Rk,Player,Nation,Pos,Squad,Age,Born,MP,Starts,Min,90s,Gls,Ast,G+A,G-PK,PK,PKatt,CrdY,CrdR,Gls,Ast,G+A,G-PK,G+A-PK,Matches
151,Maher Carrizo,ar ARG,MF,Vélez Sarsfield,20-105,2006,1,0,45,0.5,0,0,0,0,0,0,0,0,0,0,0,0,0,Matches
152,Yuri Casermeiro,ar ARG,DF,Cen. Córdoba–SdE,24-084,2002,8,5,528,5.9,0,0,0,0,0,0,2,0,0,0,0,0,0,Matches
153,Kevin Castaño,co COL,MF,River Plate,25-248,2000,5,1,96,1.1,0,0,0,0,0,0,0,0,0,0,0,0,0,Matches
154,Rodrigo Castillo,ar ARG,FW,Lanús,27-098,1999,5,4,358,4,1,3,4,1,0,0,0,0,0.25,0.75,1.01,0.25,1.01,Matches
155,Alexis Castro,ar ARG,MF,Estudiantes–LP,31-229,1994,14,7,605,6.7,3,0,3,3,0,0,2,0,0.45,0,0.45,0.45,0.45,Matches
156,Lucas Castro,ar ARG,MF,Gimnasia–LP,37-056,1989,11,3,295,3.3,0,0,0,0,0,0,0,0,0,0,0,0,0,Matches
157,Matías Catalán,cl CHI,DF,Talleres–C,33-289,1992,16,15,"1,278",14.2,0,2,2,0,0,0,1,0,0,0.14,0.14,0,0.14,Matches
158,Edinson Cavani,uy URU,FW,Boca Juniors,39-110,1987,2,1,104,1.2,0,0,0,0,0,0,0,0,0,0,0,0,0,Matches
159,Julián Ceballos,ar ARG,MF,Gimnasia–M,21-264,2004,8,5,427,4.7,0,1,1,0,0,0,1,0,0,0.21,0.21,0,0.21,Matches
160,Giuliano Cerato,ar ARG,"MF,DF",Instituto,27-359,1998,16,16,"1,425",15.8,2,1,3,2,0,0,4,0,0.13,0.06,0.19,0.13,0.19,Matches
161,Ezequiel Cerutti,ar ARG,"MF,FW",San Lorenzo,34-138,1992,7,6,427,4.7,0,0,0,0,0,0,1,0,0,0,0,0,0,Matches
162,Edwuin Cetré,co COL,MF,Estudiantes–LP,28-154,1998,12,5,603,6.7,0,1,1,0,0,0,2,0,0,0.15,0.15,0,0.15,Matches
163,Timoteo Chamorro,ar ARG,DF,Talleres–C,20-116,2006,3,0,79,0.9,0,0,0,0,0,0,0,0,0,0,0,0,0,Matches
164,Ignacio Charparin,ar ARG,"FW,MF",Gimnasia–M,26-318,1999,5,3,325,3.6,0,2,2,0,0,0,0,0,0,0.55,0.55,0,0.55,Matches
165,Emiliano Chiavassa,ar ARG,FW,Talleres–C,20-153,2006,3,0,29,0.3,0,0,0,0,0,0,0,0,0,0,0,0,0,Matches
166,Ignacio Chicco,ar ARG,GK,Aldosivi,29-339,1996,1,1,90,1,0,0,0,0,0,0,0,0,0,0,0,0,0,Matches
167,Diego Churín,ar ARG,"FW,MF",Sarmiento–J,36-185,1989,14,8,690,7.7,2,0,2,1,1,1,1,1,0.26,0,0.26,0.13,0.13,Matches
168,Luciano Cingolani,ar ARG,FW,Gimnasia–M,25-059,2001,7,0,241,2.7,1,0,1,1,0,0,0,0,0.37,0,0.37,0.37,0.37,Matches
169,Facundo Cobos,ar ARG,DF,Estudiantes–RC,33-105,1993,8,6,563,6.3,1,0,1,1,0,0,0,0,0.16,0,0.16,0.16,0.16,Matches
170,Matías Cóccaro,uy URU,"FW,MF",Newell's Old Boys,28-201,1997,10,9,587,6.5,1,0,1,1,0,0,2,0,0.15,0,0.15,0.15,0.15,Matches
171,Agustín Colazo,ar ARG,FW,Unión,25-201,2000,6,2,183,2,1,0,1,1,0,0,1,0,0.49,0,0.49,0.49,0.49,Matches
172,Nicolás Colazo,ar ARG,MF,Banfield,35-331,1990,3,2,99,1.1,0,0,0,0,0,0,0,0,0,0,0,0,0,Matches
173,Facundo Colidio,ar ARG,"FW,MF",River Plate,26-151,2000,12,10,801,8.9,3,1,4,3,0,0,1,1,0.34,0.11,0.45,0.34,0.45,Matches
174,Nazareno Colombo,ar ARG,DF,Racing Club,27-076,1999,8,5,418,4.6,0,0,0,0,0,0,1,0,0,0,0,0,0,Matches
175,Gabriel Compagnucci,ar ARG,"MF,DF",Atlé Tucumán,34-279,1991,10,4,371,4.1,0,1,1,0,0,0,1,0,0,0.24,0.24,0,0.24,Matches
Rk,Player,Nation,Pos,Squad,Age,Born,MP,Starts,Min,90s,Gls,Ast,G+A,G-PK,PK,PKatt,CrdY,CrdR,Gls,Ast,G+A,G-PK,G+A-PK,Matches
176,Tomás Conechny,ar ARG,"FW,MF",Racing Club,28-066,1998,16,6,762,8.5,3,2,5,3,0,0,2,0,0.35,0.24,0.59,0.35,0.59,Matches
177,Germán Conti,ar ARG,DF,Gimnasia–LP,32-001,1994,3,2,188,2.1,0,0,0,0,0,0,0,0,0,0,0,0,0,Matches
178,Julián Contrera,ar ARG,"MF,FW",Sarmiento–J,23-025,2003,15,9,908,10.1,0,2,2,0,0,0,5,0,0,0.2,0.2,0,0.2,Matches
179,Enzo Copetti,ar ARG,"FW,MF",Rosario Central,30-139,1996,14,6,616,6.8,4,0,4,4,0,0,2,0,0.58,0,0.58,0.58,0.58,Matches
180,Nicolás Cordero,ar ARG,"FW,MF",Aldosivi,27-054,1999,12,9,820,9.1,1,0,1,1,0,0,0,0,0.11,0,0.11,0.11,0.11,Matches
181,Jhon Córdoba,co COL,"MF,FW",Instituto,25-324,2000,12,12,841,9.3,1,0,1,1,0,0,2,0,0.11,0,0.11,0.11,0.11,Matches
182,Alan Coria,ar ARG,MF,Defensa y Justicia,18-351,2007,4,1,119,1.3,0,0,0,0,0,0,0,0,0,0,0,0,0,Matches
183,Emanuel Coronel,ar ARG,DF,Rosario Central,29-123,1997,11,8,681,7.6,0,0,0,0,0,0,4,0,0,0,0,0,0,Matches
184,Kevin Coronel,ar ARG,DF,Arg Juniors,21-297,2004,7,6,538,6,0,0,0,0,0,0,1,0,0,0,0,0,0,Matches
185,Juan Cortazzo,ar ARG,DF,Gimnasia–LP,20-229,2005,6,0,88,1,0,0,0,0,0,0,1,0,0,0,0,0,0,Matches
186,Brayan Cortés,cl CHI,GK,Arg Juniors,31-085,1995,16,16,"1,440",16,0,0,0,0,0,0,3,0,0,0,0,0,0,Matches
187,Oscar Cortés,co COL,"MF,FW",Huracán,22-183,2003,14,13,"1,010",11.2,1,4,5,1,0,0,2,0,0.09,0.36,0.45,0.09,0.45,Matches
188,Ismael Cortéz,ar ARG,DF,Gimnasia–M,24-154,2002,6,2,266,3,0,0,0,0,0,0,1,0,0,0,0,0,0,Matches
189,Guzmán Corujo,uy URU,DF,San Lorenzo,29-306,1996,3,2,192,2.1,0,0,0,0,0,0,0,0,0,0,0,0,0,Matches
190,Ayrton Costa,ar ARG,DF,Boca Juniors,26-327,1999,12,12,"1,080",12,0,0,0,0,0,0,2,0,0,0,0,0,0,Matches
191,Leonard Costa,uy URU,DF,Ind. Rivadavia,27-280,1998,15,14,"1,064",11.8,1,1,2,1,0,0,1,0,0.08,0.08,0.17,0.08,0.17,Matches
192,Tiago Cravero,ar ARG,MF,Cen. Córdoba–SdE,23-244,2002,12,6,629,7,0,0,0,0,0,0,2,0,0,0,0,0,0,Matches
193,Diego Crego,ar ARG,FW,Ind. Rivadavia,29-136,1997,8,2,246,2.7,0,0,0,0,0,0,0,0,0,0,0,0,0,Matches
194,Franco Cristaldo,ar ARG,MF,Talleres–C,29-293,1996,8,8,569,6.3,0,2,2,0,0,0,1,0,0,0.32,0.32,0,0.32,Matches
195,Alexis Cuello,ar ARG,"FW,MF",San Lorenzo,26-106,2000,16,16,"1,367",15.2,4,3,7,3,1,2,6,1,0.26,0.2,0.46,0.2,0.4,Matches
196,Brian Cuello,ar ARG,MF,Unión,28-247,1997,12,10,725,8.1,2,0,2,2,0,0,3,0,0.25,0,0.25,0.25,0.25,Matches
197,Víctor Cuesta,ar ARG,DF,Platense,37-197,1988,9,9,810,9,0,0,0,0,0,0,5,0,0,0,0,0,0,Matches
198,Mauro Da Luz,uy URU,"FW,MF",Aldosivi,31-211,1994,3,0,80,0.9,0,0,0,0,0,0,0,0,0,0,0,0,0,Matches
199,Juan Dadin,ar ARG,FW,Ind. Rivadavia,20-015,2006,6,0,104,1.2,0,0,0,0,0,0,1,0,0,0,0,0,0,Matches
200,Santiago Dalmasso,ar ARG,MF,Platense,21-351,2004,6,0,119,1.3,0,0,0,0,0,0,2,0,0,0,0,0,0,Matches
Rk,Player,Nation,Pos,Squad,Age,Born,MP,Starts,Min,90s,Gls,Ast,G+A,G-PK,PK,PKatt,CrdY,CrdR,Gls,Ast,G+A,G-PK,G+A-PK,Matches
201,Santiago Daniele,ar ARG,DF,Banfield,20-194,2005,5,1,252,2.8,0,1,1,0,0,0,1,0,0,0.36,0.36,0,0.36,Matches
202,Jonathan David Gómez,ar ARG,"MF,FW",Sarmiento–J,36-165,1989,12,6,508,5.6,1,1,2,1,0,0,1,0,0.18,0.18,0.35,0.18,0.35,Matches
203,Héctor David Martínez,py PAR,DF,Defensa y Justicia,28-134,1998,12,12,929,10.3,0,1,1,0,0,0,5,0,0,0.1,0.1,0,0.1,Matches
204,Álvaro David Montero,co COL,GK,Vélez Sarsfield,31-067,1995,16,16,"1,440",16,0,0,0,0,0,0,0,0,0,0,0,0,0,Matches
205,Valentín Dávila,ar ARG,FW,Talleres–C,19-136,2007,15,4,552,6.1,4,0,4,4,0,0,0,0,0.65,0,0.65,0.65,0.65,Matches
206,Hernán De La Fuente,ar ARG,DF,Instituto,29-148,1997,2,0,49,0.5,0,0,0,0,0,0,0,0,0,0,0,0,0,Matches
207,Facundo De La Vega,ar ARG,FW,Aldosivi,23-050,2003,5,1,145,1.6,0,0,0,0,0,0,0,0,0,0,0,0,0,Matches
208,Mathías De Ritis,uy URU,"DF,MF",San Lorenzo,23-124,2003,12,11,796,8.8,0,2,2,0,0,0,4,0,0,0.23,0.23,0,0.23,Matches
209,Ronaldo Dejesús,py PAR,DF,Lanús,25-044,2001,9,6,545,6.1,0,0,0,0,0,0,2,0,0,0,0,0,0,Matches
210,Mateo Del Blanco,ar ARG,"DF,MF",Unión,22-216,2003,16,16,"1,393",15.5,2,1,3,2,0,0,3,0,0.13,0.06,0.19,0.13,0.19,Matches
211,Carlos Delgado,py PAR,FW,Sarmiento–J,23-206,2002,1,0,7,0.1,0,0,0,0,0,0,0,0,0,0,0,0,0,Matches
212,Milton Delgado,ar ARG,MF,Boca Juniors,20-353,2005,15,10,904,10,0,1,1,0,0,0,3,0,0,0.1,0.1,0,0.1,Matches
213,Nicolás Demartini,ar ARG,DF,Barracas Central,26-212,1999,10,10,900,10,1,1,2,1,0,0,2,0,0.1,0.1,0.2,0.1,0.2,Matches
214,Valentín Depietri,ar ARG,"FW,MF",Talleres–C,25-216,2000,9,3,340,3.8,1,0,1,1,0,0,0,0,0.26,0,0.26,0.26,0.26,Matches
215,José Devecchi,ar ARG,GK,San Lorenzo,30-330,1995,2,2,180,2,0,0,0,0,0,0,1,0,0,0,0,0,0,Matches
216,Marco Di Cesare,ar ARG,DF,Racing Club,24-125,2002,13,12,"1,068",11.9,2,0,2,2,0,0,7,1,0.17,0,0.17,0.17,0.17,Matches
217,Lautaro Di Lollo,ar ARG,DF,Boca Juniors,22-086,2004,12,12,"1,080",12,1,0,1,1,0,0,3,0,0.08,0,0.08,0.08,0.08,Matches
218,Ángel Di María,ar ARG,MF,Rosario Central,38-110,1988,11,8,765,8.5,4,3,7,3,1,1,2,0,0.47,0.35,0.82,0.35,0.71,Matches
219,Leonel Di Plácido,ar ARG,"DF,MF",Atlé Tucumán,32-127,1994,7,7,575,6.4,0,0,0,0,0,0,2,0,0,0,0,0,0,Matches
220,Alexander Díaz,ar ARG,"FW,MF",Deportivo Riestra,26-074,2000,10,8,615,6.8,0,0,0,0,0,0,0,0,0,0,0,0,0,Matches
221,Diego Díaz,ar ARG,FW,Unión,24-145,2002,6,0,100,1.1,1,0,1,1,0,0,0,0,0.9,0,0.9,0.9,0.9,Matches
222,Gabriel Díaz,ar ARG,"MF,DF",Sarmiento–J,26-046,2000,6,3,257,2.9,0,0,0,0,0,0,2,1,0,0,0,0,0,Matches
223,Leandro Díaz,ar ARG,FW,Atlé Tucumán,33-363,1992,14,12,"1,077",12,5,1,6,2,3,4,2,0,0.42,0.08,0.5,0.17,0.25,Matches
224,Paulo Díaz,cl CHI,DF,River Plate,31-283,1994,5,2,197,2.2,0,0,0,0,0,0,1,0,0,0,0,0,0,Matches
225,Franco Dominguez,,FW,Estudiantes–LP,,,4,1,84,0.9,0,0,0,0,0,0,0,0,0,0,0,0,0,Matches
Rk,Player,Nation,Pos,Squad,Age,Born,MP,Starts,Min,90s,Gls,Ast,G+A,G-PK,PK,PKatt,CrdY,CrdR,Gls,Ast,G+A,G-PK,G+A-PK,Matches
226,Javier Dominguez,py PAR,MF,Atlé Tucumán,26-009,2000,12,9,686,7.6,0,0,0,0,0,0,3,0,0,0,0,0,0,Matches
227,Alejo Dramisino,ar ARG,MF,Deportivo Riestra,26-046,2000,4,0,74,0.8,0,0,0,0,0,0,0,0,0,0,0,0,0,Matches
228,Sebastián Driussi,ar ARG,"FW,MF",River Plate,30-115,1996,12,12,856,9.5,4,0,4,4,0,0,0,0,0.42,0,0.42,0.42,0.42,Matches
229,Gaspar Duarte,ar ARG,"MF,FW",Rosario Central,23-149,2003,11,5,415,4.6,0,0,0,0,0,0,1,0,0,0,0,0,0,Matches
230,Lautaro Duarte,ar ARG,MF,Deportivo Riestra,21-073,2005,1,1,45,0.5,0,0,0,0,0,0,1,0,0,0,0,0,0,Matches
231,Lisandro Duarte,ar ARG,MF,Rosario Central,18-318,2007,1,1,63,0.7,0,0,0,0,0,0,0,0,0,0,0,0,0,Matches
232,Jalil Elías,sy SYR,MF,Tigre,30-040,1996,14,14,"1,214",13.5,1,0,1,1,0,0,0,0,0.07,0,0.07,0.07,0.07,Matches
233,Guillermo Enrique,ar ARG,DF,Aldosivi,26-100,2000,7,2,287,3.2,0,0,0,0,0,0,1,0,0,0,0,0,0,Matches
234,Iván Erquiaga,ar ARG,DF,Instituto,28-070,1998,2,0,55,0.6,0,0,0,0,0,0,0,0,0,0,0,0,0,Matches
235,Gonzalo Errecalde,ar ARG,DF,Gimnasia–LP,26-066,2000,2,2,149,1.7,0,0,0,0,0,0,1,0,0,0,0,0,0,Matches
236,Simon Escobar,ar ARG,DF,Vélez Sarsfield,16-322,2009,1,1,90,1,0,0,0,0,0,0,0,0,0,0,0,0,0,Matches
237,Juan Espínola,py PAR,GK,Barracas Central,31-214,1994,6,5,461,5.1,0,0,0,0,0,0,0,0,0,0,0,0,0,Matches
238,Marcelo Esponda,ar ARG,MF,Newell's Old Boys,23-141,2003,5,2,181,2,0,0,0,0,0,0,0,0,0,0,0,0,0,Matches
239,Santiago Esquivel,ar ARG,MF,Banfield,22-153,2004,8,6,439,4.9,0,0,0,0,0,0,3,1,0,0,0,0,0,Matches
240,Marcelo Estigarribia,ar ARG,FW,Unión,31-055,1995,15,13,"1,129",12.5,4,1,5,2,2,2,5,0,0.32,0.08,0.4,0.16,0.24,Matches
241,Yair Ezequiel Arismendi,ar ARG,"MF,DF",Sarmiento–J,28-060,1998,10,6,599,6.7,0,0,0,0,0,0,3,0,0,0,0,0,0,Matches
242,Agustín Falcón,ar ARG,"DF,MF",Belgrano,21-134,2005,2,1,90,1,0,0,0,0,0,0,1,0,0,0,0,0,0,Matches
243,Facundo Farías,ar ARG,"MF,FW",Estudiantes–LP,23-280,2002,9,4,308,3.4,0,0,0,0,0,0,0,0,0,0,0,0,0,Matches
244,Valentín Fascendini,ar ARG,DF,Unión,23-083,2003,5,3,275,3.1,0,0,0,0,0,0,0,1,0,0,0,0,0,Matches
245,Federico Fattori,ar ARG,MF,Arg Juniors,33-317,1992,16,16,"1,363",15.1,0,0,0,0,0,0,2,0,0,0,0,0,0,Matches
246,Juan Fedorco,ar ARG,DF,Independiente,25-188,2000,9,5,503,5.6,1,0,1,1,0,0,2,0,0.18,0,0.18,0.18,0.18,Matches
247,Luca Feler,ar ARG,MF,Vélez Sarsfield,18-129,2008,2,0,2,0,0,0,0,0,0,0,0,0,0,0,0,0,0,Matches
248,Adrián Fernández,ar ARG,"MF,FW",Racing Club,25-015,2001,12,8,620,6.9,1,1,2,1,0,0,1,1,0.15,0.15,0.29,0.15,0.29,Matches
249,Augusto Fernández,ar ARG,FW,Aldosivi,20-149,2006,1,0,10,0.1,0,0,0,0,0,0,0,0,0,0,0,0,0,Matches
250,Damián Fernández,ar ARG,DF,Defensa y Justicia,25-153,2001,12,10,863,9.6,0,0,0,0,0,0,3,0,0,0,0,0,0,Matches
Rk,Player,Nation,Pos,Squad,Age,Born,MP,Starts,Min,90s,Gls,Ast,G+A,G-PK,PK,PKatt,CrdY,CrdR,Gls,Ast,G+A,G-PK,G+A-PK,Matches
251,David Fernández,py PAR,FW,Defensa y Justicia,20-150,2006,3,0,37,0.4,0,0,0,0,0,0,0,0,0,0,0,0,0,Matches
252,Esteban Fernández,ar ARG,"MF,FW",Gimnasia–M,24-149,2002,9,6,386,4.3,0,0,0,0,0,0,3,0,0,0,0,0,0,Matches
253,Ignacio Fernández,ar ARG,"MF,FW",Gimnasia–LP,36-143,1990,14,14,"1,101",12.2,2,2,4,2,0,0,7,0,0.16,0.16,0.33,0.16,0.33,Matches
254,Julián Fernández,ar ARG,"MF,FW",Rosario Central,22-152,2004,10,8,700,7.8,1,2,3,1,0,0,1,0,0.13,0.26,0.39,0.13,0.39,Matches
255,Leandro Fernández,ar ARG,FW,Arg Juniors,35-084,1991,7,1,149,1.7,0,0,0,0,0,0,1,0,0,0,0,0,0,Matches
256,Manuel Fernández,ar ARG,FW,Tigre,21-239,2004,6,0,55,0.6,0,0,0,0,0,0,0,0,0,0,0,0,0,Matches
257,Matías Fernández,ar ARG,"MF,FW",Ind. Rivadavia,24-346,2001,14,13,976,10.8,2,2,4,2,0,0,6,0,0.18,0.18,0.37,0.18,0.37,Matches
258,Nicolás Fernández,ar ARG,FW,Belgrano,30-116,1996,16,11,853,9.5,1,4,5,1,0,1,1,0,0.11,0.42,0.53,0.11,0.53,Matches
259,Rodrigo Fernández,uy URU,MF,Independiente,30-152,1996,12,4,479,5.3,0,0,0,0,0,0,2,0,0,0,0,0,0,Matches
260,Santiago Fernández,ar ARG,DF,Talleres–C,21-066,2005,12,12,"1,035",11.5,0,0,0,0,0,0,0,0,0,0,0,0,0,Matches
261,Tomás Fernández,ar ARG,MF,Aldosivi,27-300,1998,9,3,424,4.7,1,0,1,1,0,0,3,0,0.21,0,0.21,0.21,0.21,Matches
262,Gianluca Ferrari,ar ARG,DF,Atlé Tucumán,28-339,1997,9,8,722,8,0,0,0,0,0,0,2,0,0,0,0,0,0,Matches
263,Clever Ferreira,py PAR,DF,Atlé Tucumán,23-104,2003,10,8,745,8.3,1,0,1,1,0,0,3,0,0.12,0,0.12,0.12,0.12,Matches
264,Javier Ferreira,py PAR,FW,Estudiantes–RC,34-109,1992,13,4,437,4.9,0,0,0,0,0,0,2,0,0,0,0,0,0,Matches
265,Pablo Ferreira,ar ARG,MF,Platense,21-224,2004,4,4,313,3.5,0,0,0,0,0,0,0,0,0,0,0,0,0,Matches
266,Brian Ferreyra,ar ARG,FW,Gimnasia–M,29-205,1996,10,0,241,2.7,0,0,0,0,0,0,1,0,0,0,0,0,0,Matches
267,Cristopher Fiermarin,uy URU,GK,Defensa y Justicia,28-154,1998,16,16,"1,440",16,0,0,0,0,0,0,0,0,0,0,0,0,0,Matches
268,Jorge Figal,ar ARG,DF,Boca Juniors,32-062,1994,4,4,360,4,0,0,0,0,0,0,0,0,0,0,0,0,0,Matches
269,Gabriel Florentín,ar ARG,MF,Arg Juniors,27-083,1999,3,0,59,0.7,0,0,0,0,0,0,1,0,0,0,0,0,0,Matches
270,Jose Florentín,py PAR,MF,Ind. Rivadavia,29-334,1996,15,14,"1,284",14.3,3,0,3,3,0,0,2,0,0.21,0,0.21,0.21,0.21,Matches
271,Gonzalo Flores,ar ARG,MF,Deportivo Riestra,24-102,2002,4,2,139,1.5,0,0,0,0,0,0,3,0,0,0,0,0,0,Matches
272,Joaquin Flores,ar ARG,MF,Cen. Córdoba–SdE,21-007,2005,5,0,97,1.1,0,0,0,0,0,0,0,0,0,0,0,0,0,Matches
273,Matias Fonseca,uy URU,FW,Instituto,25-084,2001,13,6,553,6.1,1,0,1,1,0,0,2,0,0.16,0,0.16,0.16,0.16,Matches
274,Ezequiel Forclaz,ar ARG,MF,Estudiantes–RC,23-062,2003,5,0,105,1.2,0,0,0,0,0,0,1,0,0,0,0,0,0,Matches
275,Alan Forneris,ar ARG,MF,Racing Club,21-127,2005,3,0,74,0.8,0,0,0,0,0,0,1,0,0,0,0,0,0,Matches
Rk,Player,Nation,Pos,Squad,Age,Born,MP,Starts,Min,90s,Gls,Ast,G+A,G-PK,PK,PKatt,CrdY,CrdR,Gls,Ast,G+A,G-PK,G+A-PK,Matches
276,Franco Fragapane,ar ARG,MF,Unión,33-118,1993,6,3,191,2.1,0,0,0,0,0,0,0,0,0,0,0,0,0,Matches
277,Juan Franco Arrellaga,py PAR,DF,Gimnasia–M,34-114,1992,6,5,314,3.5,0,0,0,0,0,0,2,0,0,0,0,0,0,Matches
278,Nicolás Freire,ar ARG,DF,Independiente,32-106,1994,2,0,19,0.2,0,0,0,0,0,0,0,0,0,0,0,0,0,Matches
279,Joaquín Freitas,ar ARG,"FW,MF",River Plate,19-184,2006,10,3,449,5,1,1,2,1,0,0,1,0,0.2,0.2,0.4,0.2,0.4,Matches
280,Ramiro Funes Mori,ar ARG,DF,Estudiantes–LP,35-091,1991,3,3,252,2.8,0,0,0,0,0,0,0,0,0,0,0,0,0,Matches
281,Adolfo Gaich,ar ARG,FW,Estudiantes–LP,27-098,1999,9,3,331,3.7,3,1,4,3,0,0,1,0,0.82,0.27,1.09,0.82,1.09,Matches
282,Matías Galarza,ar ARG,MF,Talleres–C,24-092,2002,16,14,"1,279",14.2,0,0,0,0,0,0,3,0,0,0,0,0,0,Matches
283,Hernán Galíndez,ec ECU,GK,Huracán,39-066,1987,15,15,"1,350",15,0,0,0,0,0,0,0,0,0,0,0,0,0,Matches
284,Facundo Gallardo,ar ARG,MF,Estudiantes–RC,20-142,2006,4,2,157,1.7,0,0,0,0,0,0,0,0,0,0,0,0,0,Matches
285,Matías Gallardo,ar ARG,MF,Instituto,22-193,2003,9,0,122,1.4,1,0,1,1,0,0,1,0,0.74,0,0.74,0.74,0.74,Matches
286,Rodrigo Gallo,ar ARG,DF,Deportivo Riestra,25-212,2000,8,6,412,4.6,0,0,0,0,0,0,2,0,0,0,0,0,0,Matches
287,Giuliano Galoppo,ar ARG,MF,River Plate,26-351,1999,9,2,335,3.7,1,0,1,1,0,0,1,0,0.27,0,0.27,0.27,0.27,Matches
288,Francisco Galván,ar ARG,FW,Estudiantes–RC,26-323,1999,1,0,7,0.1,0,0,0,0,0,0,0,0,0,0,0,0,0,Matches
289,Ignacio Galván,ar ARG,"DF,MF",Atlé Tucumán,23-271,2002,13,9,884,9.8,0,0,0,0,0,0,2,0,0,0,0,0,0,Matches
290,Jonathan Galván,ar ARG,DF,Instituto,33-344,1992,13,12,926,10.3,0,1,1,0,0,0,3,0,0,0.1,0.1,0,0.1,Matches
291,Tomás Galván,ar ARG,MF,River Plate,26-054,2000,16,16,"1,139",12.7,2,1,3,2,0,0,0,0,0.16,0.08,0.24,0.16,0.24,Matches
292,Lucas Gamba,ar ARG,MF,Barracas Central,38-345,1987,5,1,114,1.3,1,0,1,1,0,0,0,0,0.79,0,0.79,0.79,0.79,Matches
293,Martín Garay,ar ARG,DF,Tigre,26-357,1999,9,3,452,5,0,1,1,0,0,0,1,0,0,0.2,0.2,0,0.2,Matches
294,Agustín García Basso,ar ARG,DF,Racing Club,34-070,1992,7,6,512,5.7,0,0,0,0,0,0,2,1,0,0,0,0,0,Matches
295,Franco García,ar ARG,"MF,FW",Newell's Old Boys,29-000,1997,8,2,224,2.5,1,0,1,1,0,0,0,0,0.4,0,0.4,0.4,0.4,Matches
296,Joaquín García,ar ARG,DF,Vélez Sarsfield,24-288,2001,12,11,987,11,2,0,2,2,0,0,0,0,0.18,0,0.18,0.18,0.18,Matches
297,Manuel García,ar ARG,"MF,DF",Sarmiento–J,26-358,1999,13,9,830,9.2,0,0,0,0,0,0,3,0,0,0,0,0,0,Matches
298,Martín García,,"MF,FW",Aldosivi,,,8,5,397,4.4,0,0,0,0,0,0,4,0,0,0,0,0,0,Matches
299,Matías García,ar ARG,MF,Deportivo Riestra,30-205,1995,10,6,525,5.8,0,0,0,0,0,0,3,0,0,0,0,0,0,Matches
300,Martín Garnerone,ar ARG,"MF,FW",Estudiantes–RC,27-249,1998,16,13,967,10.7,1,0,1,1,0,0,2,0,0.09,0,0.09,0.09,0.09,Matches
Rk,Player,Nation,Pos,Squad,Age,Born,MP,Starts,Min,90s,Gls,Ast,G+A,G-PK,PK,PKatt,CrdY,CrdR,Gls,Ast,G+A,G-PK,G+A-PK,Matches
301,Juan Gauto,ar ARG,MF,Platense,22-002,2004,16,12,998,11.1,0,1,1,0,0,0,0,0,0,0.09,0.09,0,0.09,Matches
302,Gonzalo Gelini,ar ARG,FW,Boca Juniors,19-171,2006,5,2,186,2.1,0,1,1,0,0,0,0,0,0,0.48,0.48,0,0.48,Matches
303,Alejo Gelsomino,ar ARG,DF,Gimnasia–LP,21-020,2005,1,0,45,0.5,0,0,0,0,0,0,0,0,0,0,0,0,0,Matches
304,Bautista Gerez,ar ARG,FW,Cen. Córdoba–SdE,19-142,2007,2,0,16,0.2,0,0,0,0,0,0,0,0,0,0,0,0,0,Matches
305,Laurtaro Giaccone,ar ARG,"MF,FW",Arg Juniors,25-123,2001,10,3,358,4,0,0,0,0,0,0,0,0,0,0,0,0,0,Matches
306,Renzo Giampaoli,ar ARG,DF,Gimnasia–LP,26-148,2000,14,13,"1,145",12.7,0,0,0,0,0,0,3,0,0,0,0,0,0,Matches
307,Emiliano Giannunzio,ar ARG,MF,Unión,44-130,1982,2,0,37,0.4,0,0,0,0,0,0,0,0,0,0,0,0,0,Matches
308,Leonardo Gil,ar ARG,MF,Huracán,35-004,1991,16,13,"1,195",13.3,0,1,1,0,0,0,4,0,0,0.08,0.08,0,0.08,Matches
309,Orlando Gill,py PAR,GK,San Lorenzo,25-358,2000,14,14,"1,260",14,0,0,0,0,0,0,0,0,0,0,0,0,0,Matches
310,Enzo Giménez,py PAR,"MF,DF",Rosario Central,28-107,1998,14,14,"1,245",13.8,1,1,2,1,0,0,5,0,0.07,0.07,0.14,0.07,0.14,Matches
311,Luciano Giménez,ar ARG,FW,Huracán,26-106,2000,6,1,109,1.2,0,0,0,0,0,0,3,0,0,0,0,0,0,Matches
312,Milton Giménez,ar ARG,FW,Boca Juniors,29-296,1996,5,3,194,2.2,3,0,3,2,1,1,1,0,1.39,0,1.39,0.93,0.93,Matches
313,Federico Gino,uy URU,MF,Aldosivi,33-098,1993,13,12,"1,026",11.4,2,0,2,1,1,1,6,0,0.18,0,0.18,0.09,0.09,Matches
314,Dilan Godoy,ar ARG,"MF,FW",Vélez Sarsfield,20-119,2006,11,5,479,5.3,0,3,3,0,0,0,1,0,0,0.56,0.56,0,0.56,Matches
315,Erik Godoy,ar ARG,DF,Arg Juniors,32-292,1993,10,6,558,6.2,1,0,1,1,0,0,0,0,0.16,0,0.16,0.16,0.16,Matches
316,Lautaro Godoy,py PAR,"MF,FW",Atlé Tucumán,23-081,2003,13,3,444,4.9,0,0,0,0,0,0,3,1,0,0,0,0,0,Matches
317,Leonardo Godoy,ar ARG,DF,Independiente,31-037,1995,9,8,616,6.8,0,0,0,0,0,0,2,0,0,0,0,0,0,Matches
318,Jonatan Goitía,ar ARG,MF,Deportivo Riestra,31-306,1994,13,9,785,8.7,0,0,0,0,0,0,5,1,0,0,0,0,0,Matches
319,Elías Gómez,ar ARG,DF,Vélez Sarsfield,31-360,1994,15,15,"1,350",15,0,1,1,0,0,0,5,0,0,0.07,0.07,0,0.07,Matches
320,Emmanuel Gómez,ar ARG,GK,Ind. Rivadavia,24-263,2001,1,1,90,1,0,0,0,0,0,0,0,0,0,0,0,0,0,Matches
321,Iván Gómez,ar ARG,MF,Platense,29-096,1997,6,5,459,5.1,0,0,0,0,0,0,1,0,0,0,0,0,0,Matches
322,José Gómez,ar ARG,DF,Cen. Córdoba–SdE,26-090,2000,2,0,18,0.2,0,0,0,0,0,0,0,0,0,0,0,0,0,Matches
323,Lautaro Gómez,ar ARG,MF,Banfield,22-300,2003,16,8,692,7.7,3,0,3,3,0,0,2,0,0.39,0,0.39,0.39,0.39,Matches
324,Lucas Gómez,ar ARG,MF,Arg Juniors,21-352,2004,8,1,226,2.5,0,0,0,0,0,0,0,0,0,0,0,0,0,Matches
325,Luciano Gómez,ar ARG,DF,Ind. Rivadavia,30-074,1996,11,4,516,5.7,1,2,3,1,0,0,1,0,0.17,0.35,0.52,0.17,0.52,Matches
Rk,Player,Nation,Pos,Squad,Age,Born,MP,Starts,Min,90s,Gls,Ast,G+A,G-PK,PK,PKatt,CrdY,CrdR,Gls,Ast,G+A,G-PK,G+A-PK,Matches
326,Matias Gomez,ar ARG,MF,Talleres–C,20-193,2005,2,1,82,0.9,0,0,0,0,0,0,1,0,0,0,0,0,0,Matches
327,Alexis González,ar ARG,FW,Sarmiento–J,21-142,2005,2,0,21,0.2,0,0,0,0,0,0,0,0,0,0,0,0,0,Matches
328,Imanol González Benac,ar ARG,DF,Gimnasia–M,28-149,1998,7,7,577,6.4,0,0,0,0,0,0,0,0,0,0,0,0,0,Matches
329,Facundo González,ar ARG,DF,River Plate,20-062,2006,2,1,108,1.2,0,0,0,0,0,0,0,0,0,0,0,0,0,Matches
330,Francisco González,ar ARG,"MF,FW",Belgrano,29-067,1997,10,5,442,4.9,2,0,2,2,0,0,0,0,0.41,0,0.41,0.41,0.41,Matches
331,Gonzalo González,ar ARG,FW,Gimnasia–LP,31-090,1995,1,0,3,0,0,0,0,0,0,0,0,0,0,0,0,0,0,Matches
332,Lucas González,ar ARG,MF,Cen. Córdoba–SdE,26-001,2000,14,11,888,9.9,0,0,0,0,0,0,4,0,0,0,0,0,0,Matches
333,Lucas González,ar ARG,FW,Estudiantes–RC,28-314,1997,4,0,103,1.1,0,0,0,0,0,0,0,0,0,0,0,0,0,Matches
334,Luciano González,uy URU,FW,Defensa y Justicia,20-154,2006,4,0,130,1.4,0,0,0,0,0,0,0,0,0,0,0,0,0,Matches
335,Leandro González Pirez,ar ARG,DF,Estudiantes–LP,34-098,1992,14,12,"1,106",12.3,1,0,1,1,0,0,7,0,0.08,0,0.08,0.08,0.08,Matches
336,Rodrigo González,ar ARG,"DF,MF",Aldosivi,26-051,2000,14,14,"1,141",12.7,0,0,0,0,0,0,3,0,0,0,0,0,0,Matches
337,Tomás González,ar ARG,FW,Unión,23-017,2003,1,0,18,0.2,0,0,0,0,0,0,0,0,0,0,0,0,0,Matches
338,Tomás González,ar ARG,MF,Estudiantes–RC,27-215,1998,15,14,"1,134",12.6,0,0,0,0,0,0,6,0,0,0,0,0,0,Matches
339,Jano Gordon,ar ARG,DF,Vélez Sarsfield,21-353,2004,3,3,258,2.9,1,0,1,1,0,0,0,0,0.35,0,0.35,0.35,0.35,Matches
340,Santiago Grella,ar ARG,MF,Unión,21-080,2005,4,0,68,0.8,0,0,0,0,0,0,0,0,0,0,0,0,0,Matches
341,Iván Guaraz,ar ARG,MF,Barracas Central,21-024,2005,10,5,455,5.1,0,0,0,0,0,0,2,0,0,0,0,0,0,Matches
342,Facundo Guch,ar ARG,MF,Newell's Old Boys,19-135,2007,14,13,929,10.3,1,1,2,1,0,0,3,0,0.1,0.1,0.19,0.1,0.19,Matches
343,Nicolás Guerra,cl CHI,"FW,MF",Instituto,27-146,1999,13,5,461,5.1,1,0,1,1,0,0,4,0,0.2,0,0.2,0.2,0.2,Matches
344,Tomás Guidara,ar ARG,DF,Lanús,30-083,1996,14,13,"1,105",12.3,0,1,1,0,0,0,4,0,0,0.08,0.08,0,0.08,Matches
345,Adrián Guillermo Sánchez,ar ARG,MF,Belgrano,27-021,1999,15,15,"1,294",14.4,0,1,1,0,0,0,2,0,0,0.07,0.07,0,0.07,Matches
346,Facundo Gulli,ar ARG,"MF,FW",San Lorenzo,20-252,2005,15,12,831,9.2,0,2,2,0,0,0,3,0,0,0.22,0.22,0,0.22,Matches
347,Rodrigo Guth,br BRA,DF,Talleres–C,25-206,2000,2,1,103,1.1,0,0,0,0,0,0,1,0,0,0,0,0,0,Matches
348,Juan Gutierrez,uy URU,"MF,FW",Defensa y Justicia,24-120,2002,16,15,"1,307",14.5,3,3,6,3,0,0,1,0,0.21,0.21,0.41,0.21,0.41,Matches
349,Kevin Gutiérrez,ar ARG,MF,Rosario Central,20-125,2006,1,0,14,0.2,0,0,0,0,0,0,0,0,0,0,0,0,0,Matches
350,Lautaro Gutierrez,ar ARG,FW,Belgrano,20-119,2006,12,2,392,4.4,2,0,2,2,0,0,0,0,0.46,0,0.46,0.46,0.46,Matches
Rk,Player,Nation,Pos,Squad,Age,Born,MP,Starts,Min,90s,Gls,Ast,G+A,G-PK,PK,PKatt,CrdY,CrdR,Gls,Ast,G+A,G-PK,G+A-PK,Matches
351,Maximiliano Gutiérrez,cl CHI,"MF,FW",Independiente,22-032,2004,7,4,361,4,2,1,3,2,0,0,0,0,0.5,0.25,0.75,0.5,0.75,Matches
352,Natanael Guzmán,ar ARG,"FW,MF",Aldosivi,26-297,1999,11,5,428,4.8,0,0,0,0,0,0,0,0,0,0,0,0,0,Matches
353,Ezequiel Ham,sy SYR,MF,Atlé Tucumán,32-086,1994,15,9,744,8.3,0,1,1,0,0,0,3,0,0,0.12,0.12,0,0.12,Matches
354,Agustin Hausch,ar ARG,"MF,FW",Defensa y Justicia,23-014,2003,14,8,658,7.3,1,0,1,1,0,0,0,0,0.14,0,0.14,0.14,0.14,Matches
355,Diego Herazo,co COL,FW,San Lorenzo,30-051,1996,7,0,91,1,1,1,2,1,0,0,0,0,0.99,0.99,1.98,0.99,1.98,Matches
356,Leonardo Heredia,ar ARG,FW,Platense,30-144,1996,15,6,541,6,0,0,0,0,0,0,1,0,0,0,0,0,0,Matches
357,Ramiro Hernandes,ar ARG,MF,Belgrano,21-204,2004,15,4,553,6.1,1,0,1,1,0,0,2,0,0.16,0,0.16,0.16,0.16,Matches
358,Gastón Hernández,ar ARG,DF,San Lorenzo,28-136,1998,9,9,798,8.9,0,0,0,0,0,0,2,0,0,0,0,0,0,Matches
359,Matías Hernández,ar ARG,FW,San Lorenzo,20-363,2005,1,0,40,0.4,0,0,0,0,0,0,0,0,0,0,0,0,0,Matches
360,Ander Herrera,es ESP,MF,Boca Juniors,36-294,1989,9,5,466,5.2,0,0,0,0,0,0,1,0,0,0,0,0,0,Matches
361,Ezequiel Herrera,ar ARG,DF,San Lorenzo,23-133,2003,15,15,"1,337",14.9,1,0,1,1,0,0,2,0,0.07,0,0.07,0.07,0.07,Matches
362,Guido Herrera,ar ARG,GK,Talleres–C,34-095,1992,16,16,"1,440",16,0,0,0,0,0,0,2,0,0,0,0,0,0,Matches
363,Jonathan Herrera,ar ARG,FW,Deportivo Riestra,34-261,1991,16,12,979,10.9,0,0,0,0,0,0,4,0,0,0,0,0,0,Matches
364,Rodrigo Herrera,ar ARG,MF,Newell's Old Boys,25-306,2000,14,13,"1,061",11.8,0,0,0,0,0,0,2,0,0,0,0,0,0,Matches
365,Michael Hoyos,ar ARG,FW,Newell's Old Boys,34-306,1991,9,3,432,4.8,1,0,1,1,0,0,0,0,0.21,0,0.21,0.21,0.21,Matches
366,Marco Iacobellis,ar ARG,"MF,FW",Cen. Córdoba–SdE,26-159,1999,12,5,441,4.9,0,1,1,0,0,0,3,0,0,0.2,0.2,0,0.2,Matches
367,Fabricio Iacovich,ar ARG,GK,Estudiantes–LP,24-126,2002,6,5,495,5.5,0,0,0,0,0,0,0,0,0,0,0,0,0,Matches
368,César Ibáñez,ar ARG,DF,Huracán,26-352,1999,14,13,"1,118",12.4,0,1,1,0,0,0,7,1,0,0.08,0.08,0,0.08,Matches
369,Franco Ibarra,ar ARG,MF,Rosario Central,25-037,2001,14,13,"1,190",13.2,0,0,0,0,0,0,6,0,0,0,0,0,0,Matches
370,Juan Ignacio Méndez,ar ARG,MF,Instituto,29-037,1997,14,6,571,6.3,0,1,1,0,0,0,2,0,0,0.16,0.16,0,0.16,Matches
371,Juan Ignacio Ramírez,uy URU,FW,Newell's Old Boys,29-123,1997,10,4,464,5.2,4,0,4,3,1,1,0,0,0.78,0,0.78,0.58,0.58,Matches
372,Juan Infante,ar ARG,DF,Atlé Tucumán,30-148,1996,1,1,90,1,0,0,0,0,0,0,0,0,0,0,0,0,0,Matches
373,Gino Infantino,ar ARG,MF,Arg Juniors,23-016,2003,2,0,36,0.4,0,0,0,0,0,0,0,0,0,0,0,0,0,Matches
374,Celías Ingenthron,ar ARG,DF,Platense,17-341,2008,3,3,258,2.9,0,0,0,0,0,0,1,0,0,0,0,0,0,Matches
375,Luis Ingolotti,ar ARG,GK,Atlé Tucumán,26-141,2000,16,16,"1,440",16,0,0,0,0,0,0,1,0,0,0,0,0,0,Matches
Rk,Player,Nation,Pos,Squad,Age,Born,MP,Starts,Min,90s,Gls,Ast,G+A,G-PK,PK,PKatt,CrdY,CrdR,Gls,Ast,G+A,G-PK,G+A-PK,Matches
376,José Ingratti,ar ARG,FW,Deportivo Riestra,25-311,2000,1,1,45,0.5,0,0,0,0,0,0,0,0,0,0,0,0,0,Matches
377,Emanuel Iñíguez,ar ARG,DF,Aldosivi,29-261,1996,2,1,57,0.6,0,0,0,0,0,0,0,0,0,0,0,0,0,Matches
378,Manuel Insaurralde,ar ARG,MF,San Lorenzo,27-124,1999,7,6,483,5.4,1,0,1,1,0,0,1,0,0.19,0,0.19,0.19,0.19,Matches
379,Nelson Insfrán,ar ARG,GK,Gimnasia–LP,31-011,1995,14,14,"1,197",13.3,0,0,0,0,0,0,0,0,0,0,0,0,0,Matches
380,Rodrigo Insúa,ar ARG,"MF,DF",Barracas Central,28-170,1997,16,16,"1,440",16,3,1,4,1,2,2,3,0,0.19,0.06,0.25,0.06,0.12,Matches
381,Carlos Izquierdoz,ar ARG,DF,Lanús,37-213,1988,13,13,"1,170",13,2,0,2,2,0,1,5,0,0.15,0,0.15,0.15,0.15,Matches
382,Cristian Jaime,ar ARG,FW,River Plate,19-325,2006,1,0,19,0.2,0,0,0,0,0,0,0,0,0,0,0,0,0,Matches
383,Facundo Jainikoski,ar ARG,"FW,MF",Arg Juniors,18-081,2008,14,3,503,5.6,0,2,2,0,0,0,0,0,0,0.36,0.36,0,0.36,Matches
384,Lucas Janson,ar ARG,"FW,MF",Boca Juniors,31-292,1994,3,3,182,2,0,0,0,0,0,0,1,0,0,0,0,0,0,Matches
385,Kevin Jappert,ar ARG,"DF,MF",Barracas Central,22-099,2004,9,5,537,6,1,0,1,1,0,0,0,0,0.17,0,0.17,0.17,0.17,Matches
386,Franco Jara,ar ARG,FW,Instituto,37-324,1988,11,8,710,7.9,1,0,1,0,1,2,2,0,0.13,0,0.13,0,0,Matches
387,David Juárez,ar ARG,FW,Aldosivi,18-192,2007,1,0,20,0.2,0,0,0,0,0,0,0,0,0,0,0,0,0,Matches
388,Fernando Juárez,ar ARG,MF,Cen. Córdoba–SdE,27-285,1998,4,3,315,3.5,0,0,0,0,0,0,1,0,0,0,0,0,0,Matches
389,Julián Kadijevic,ar ARG,GK,Gimnasia–LP,22-128,2004,2,1,153,1.7,0,0,0,0,0,0,0,0,0,0,0,0,0,Matches
390,Nsumoh Kalu,sk SVK,FW,Deportivo Riestra,24-355,2001,1,0,18,0.2,0,0,0,0,0,0,0,0,0,0,0,0,0,Matches
391,Ryoga Kida,jp JPN,FW,Arg Juniors,20-324,2005,5,0,94,1,1,0,1,1,0,0,0,0,0.96,0,0.96,0.96,0.96,Matches
392,Luca Klimowicz,ar ARG,FW,Instituto,22-016,2004,2,0,11,0.1,0,0,0,0,0,0,0,0,0,0,0,0,0,Matches
393,Agustín Ladstatter,ar ARG,MF,San Lorenzo,20-364,2005,11,4,412,4.6,0,0,0,0,0,0,0,1,0,0,0,0,0,Matches
394,Agustín Lagos,ar ARG,DF,Platense,24-238,2001,6,1,176,2,0,0,0,0,0,0,0,0,0,0,0,0,0,Matches
395,Nicolás Laméndola,ar ARG,"MF,FW",Atlé Tucumán,27-174,1998,15,13,"1,113",12.4,1,0,1,1,0,0,4,0,0.08,0,0.08,0.08,0.08,Matches
396,Leonardo Landriel,ar ARG,MF,Deportivo Riestra,29-325,1996,2,0,20,0.2,0,0,0,0,0,0,1,0,0,0,0,0,0,Matches
397,Manuel Lanzini,ar ARG,MF,Vélez Sarsfield,33-109,1993,16,15,"1,195",13.3,3,0,3,3,0,0,1,0,0.23,0,0.23,0.23,0.23,Matches
398,Alan Laprida,ar ARG,MF,Cen. Córdoba–SdE,21-247,2004,8,3,370,4.1,0,0,0,0,0,0,1,0,0,0,0,0,0,Matches
399,Joaquín Laso,ar ARG,DF,Tigre,35-335,1990,14,14,"1,227",13.6,0,0,0,0,0,0,4,0,0,0,0,0,0,Matches
400,Agustín Lastra,ar ARG,GK,Estudiantes–RC,25-153,2001,11,11,990,11,0,0,0,0,0,0,0,0,0,0,0,0,0,Matches
Rk,Player,Nation,Pos,Squad,Age,Born,MP,Starts,Min,90s,Gls,Ast,G+A,G-PK,PK,PKatt,CrdY,CrdR,Gls,Ast,G+A,G-PK,G+A-PK,Matches
401,Jeremías Lázaro,ar ARG,MF,Instituto,21-341,2004,11,1,295,3.3,1,2,3,1,0,0,0,0,0.31,0.61,0.92,0.31,0.92,Matches
402,Jeremías Ledesma,ar ARG,GK,Rosario Central,33-111,1993,12,12,"1,080",12,0,0,0,0,0,0,0,0,0,0,0,0,0,Matches
403,Tobías Leiva,ar ARG,MF,Estudiantes–RC,22-115,2004,3,0,81,0.9,0,0,0,0,0,0,0,0,0,0,0,0,0,Matches
404,Gonzalo Lencina,ar ARG,FW,Platense,28-229,1997,8,6,456,5.1,0,0,0,0,0,0,0,0,0,0,0,0,0,Matches
405,Santiago Lencina,ar ARG,MF,River Plate,20-273,2005,4,0,67,0.7,0,0,0,0,0,0,0,0,0,0,0,0,0,Matches
406,Facundo Lencioni,ar ARG,MF,Gimnasia–M,25-110,2001,16,16,"1,341",14.9,2,5,7,2,0,0,3,0,0.13,0.34,0.47,0.13,0.47,Matches
407,Alan Lescano,ar ARG,MF,Arg Juniors,24-205,2001,16,16,"1,292",14.4,2,0,2,1,1,1,3,0,0.14,0,0.14,0.07,0.07,Matches
408,Leandro Lescano,ar ARG,DF,Huracán,23-093,2003,4,3,179,2,0,0,0,0,0,0,3,1,0,0,0,0,0,Matches
409,Bruno Leyes,ar ARG,MF,Tigre,24-217,2001,15,13,"1,136",12.6,0,0,0,0,0,0,4,0,0,0,0,0,0,Matches
410,Franco Leys,ar ARG,MF,Aldosivi,32-229,1993,11,4,504,5.6,0,0,0,0,0,0,1,0,0,0,0,0,0,Matches
411,Nicolás Linares,ar ARG,MF,Gimnasia–M,30-090,1996,8,8,652,7.2,0,0,0,0,0,0,2,0,0,0,0,0,0,Matches
412,Gastón Lodico,ar ARG,MF,Instituto,28-007,1998,14,14,"1,094",12.2,0,1,1,0,0,0,1,0,0,0.08,0.08,0,0.08,Matches
413,Kevin Lomónaco,ar ARG,DF,Independiente,24-147,2002,16,15,"1,300",14.4,0,1,1,0,0,0,4,0,0,0.07,0.07,0,0.07,Matches
414,Santiago Longo,ar ARG,MF,Belgrano,28-053,1998,9,4,407,4.5,0,0,0,0,0,0,0,0,0,0,0,0,0,Matches
415,Fabricio López,ar ARG,DF,San Lorenzo,23-195,2002,5,2,263,2.9,0,0,0,0,0,0,1,0,0,0,0,0,0,Matches
416,Julián López,ar ARG,MF,Defensa y Justicia,26-147,2000,7,1,250,2.8,0,0,0,0,0,0,0,0,0,0,0,0,0,Matches
417,Lisandro López,ar ARG,DF,Belgrano,36-276,1989,12,12,"1,018",11.3,0,0,0,0,0,0,2,0,0,0,0,0,0,Matches
418,Marcos López,ar ARG,DF,Banfield,19-234,2006,1,0,9,0.1,0,0,0,0,0,0,1,0,0,0,0,0,0,Matches
419,Hernán López Muñoz,ar ARG,"MF,FW",Arg Juniors,25-270,2000,11,10,734,8.2,2,2,4,2,0,0,0,1,0.25,0.25,0.49,0.25,0.49,Matches
420,Santiago López,ar ARG,"DF,MF",Banfield,28-182,1997,16,16,"1,431",15.9,2,4,6,2,0,0,3,0,0.13,0.25,0.38,0.13,0.38,Matches
421,Santiago López,ar ARG,"MF,FW",Tigre,20-115,2006,15,9,900,10,0,2,2,0,0,0,2,0,0,0.2,0.2,0,0.2,Matches
422,Franco Lorenzón,ar ARG,DF,San Lorenzo,25-077,2001,1,1,90,1,0,0,0,0,0,0,1,0,0,0,0,0,0,Matches
423,Nahuel Losada,ar ARG,GK,Lanús,33-048,1993,14,14,"1,260",14,0,0,0,0,0,0,4,0,0,0,0,0,0,Matches
424,Augusto Lotti,it ITA,MF,Platense,29-359,1996,8,1,187,2.1,2,0,2,2,0,0,0,0,0.96,0,0.96,0.96,0.96,Matches
425,Leandro Lozano,uy URU,"DF,MF",Arg Juniors,27-167,1998,11,11,942,10.5,0,1,1,0,0,0,2,0,0,0.1,0.1,0,0.1,Matches
Rk,Player,Nation,Pos,Squad,Age,Born,MP,Starts,Min,90s,Gls,Ast,G+A,G-PK,PK,PKatt,CrdY,CrdR,Gls,Ast,G+A,G-PK,G+A-PK,Matches
426,Raúl Lozano,ar ARG,DF,Estudiantes–RC,28-275,1997,6,5,435,4.8,0,1,1,0,0,0,0,0,0,0.21,0.21,0,0.21,Matches
427,Jeremías Lucco,ar ARG,DF,Belgrano,20-176,2005,3,0,48,0.5,0,0,0,0,0,0,0,0,0,0,0,0,0,Matches
428,Esteban Lucero,ar ARG,"MF,DF",Defensa y Justicia,20-310,2005,9,5,462,5.1,0,0,0,0,0,0,1,0,0,0,0,0,0,Matches
429,Martín Luciano,ar ARG,"DF,MF",Newell's Old Boys,22-178,2003,6,5,330,3.7,0,0,0,0,0,0,3,0,0,0,0,0,0,Matches
430,Juan Ludueña,ar ARG,DF,Unión,23-113,2003,15,13,"1,234",13.7,0,1,1,0,0,0,2,0,0,0.07,0.07,0,0.07,Matches
431,Juan Luis Alfaro,ar ARG,"MF,DF",Banfield,26-231,1999,3,3,171,1.9,0,0,0,0,0,0,1,0,0,0,0,0,0,Matches
432,José Luis Palomino,ar ARG,DF,Talleres–C,36-150,1990,8,5,525,5.8,0,0,0,0,0,0,0,0,0,0,0,0,0,Matches
433,Alex Luna,ar ARG,"MF,FW",Instituto,22-065,2004,15,15,"1,215",13.5,5,0,5,3,2,2,5,0,0.37,0,0.37,0.22,0.22,Matches
434,Mauro Luna Diale,ar ARG,"FW,MF",Platense,27-039,1999,1,0,12,0.1,0,0,0,0,0,0,0,0,0,0,0,0,0,Matches
435,Ramiro Macagno,ar ARG,GK,Ind. Rivadavia,29-078,1997,1,1,13,0.1,0,0,0,0,0,0,0,0,0,0,0,0,0,Matches
436,Imanol Machuca,my MAS,MF,Vélez Sarsfield,26-140,2000,4,2,154,1.7,0,0,0,0,0,0,1,0,0,0,0,0,0,Matches
437,Alejandro Maciel,ar ARG,DF,Cen. Córdoba–SdE,29-043,1997,14,14,"1,260",14,1,1,2,1,0,0,6,0,0.07,0.07,0.14,0.07,0.14,Matches
438,Gonzalo Maffini,ar ARG,DF,Estudiantes–RC,33-138,1993,12,12,"1,079",12,0,1,1,0,0,0,3,1,0,0.08,0.08,0,0.08,Matches
439,Lisandro Magallán,ar ARG,DF,Vélez Sarsfield,32-250,1993,14,14,"1,240",13.8,0,1,1,0,0,0,3,0,0,0.07,0.07,0,0.07,Matches
440,Pablo Magnín,ar ARG,FW,Sarmiento–J,36-040,1990,5,3,225,2.5,1,0,1,1,0,0,0,0,0.4,0,0.4,0.4,0.4,Matches
441,Alexandro Maidana,py PAR,"DF,MF",Talleres–C,20-313,2005,8,7,646,7.2,2,0,2,2,0,0,2,0,0.28,0,0.28,0.28,0.28,Matches
442,Guido Mainero,ar ARG,MF,Platense,31-073,1995,16,14,"1,066",11.8,0,0,0,0,0,0,1,0,0,0,0,0,0,Matches
443,Víctor Malcorra,ar ARG,MF,Independiente,38-315,1987,14,13,"1,131",12.6,1,3,4,1,0,0,2,0,0.08,0.24,0.32,0.08,0.32,Matches
444,Alexis Maldonado,ar ARG,DF,Belgrano,28-275,1997,13,12,"1,003",11.1,0,0,0,0,0,0,3,0,0,0,0,0,0,Matches
445,Facundo Mallo,uy URU,DF,Rosario Central,31-139,1995,7,6,542,6,0,0,0,0,0,0,1,0,0,0,0,0,0,Matches
446,Emanuel Mammana,ar ARG,DF,Vélez Sarsfield,30-114,1996,16,14,"1,260",14,0,0,0,0,0,0,1,0,0,0,0,0,0,Matches
447,Federico Mancuello,ar ARG,"DF,FW",Independiente,37-070,1989,1,0,7,0.1,0,0,0,0,0,0,0,0,0,0,0,0,0,Matches
448,Eros Mancuso,ar ARG,DF,Estudiantes–LP,27-048,1999,14,6,729,8.1,0,0,0,0,0,0,4,0,0,0,0,0,0,Matches
449,Facundo Mansilla,ar ARG,DF,Cen. Córdoba–SdE,27-097,1999,13,13,"1,113",12.4,0,0,0,0,0,0,1,0,0,0,0,0,0,Matches
450,Matías Mansilla,ar ARG,GK,Unión,30-109,1996,16,16,"1,440",16,0,0,0,0,0,0,2,0,0,0,0,0,0,Matches
Rk,Player,Nation,Pos,Squad,Age,Born,MP,Starts,Min,90s,Gls,Ast,G+A,G-PK,PK,PKatt,CrdY,CrdR,Gls,Ast,G+A,G-PK,G+A-PK,Matches
451,Juan Manuel Cabrera,ar ARG,DF,Sarmiento–J,26-086,2000,8,3,364,4,0,0,0,0,0,0,2,0,0,0,0,0,0,Matches
452,Juan Manuel Elordi,ar ARG,"DF,MF",Ind. Rivadavia,31-287,1994,15,12,"1,089",12.1,1,2,3,1,0,0,2,0,0.08,0.17,0.25,0.08,0.25,Matches
453,Juan Manuel Insaurralde,ar ARG,DF,Sarmiento–J,41-244,1984,13,13,"1,130",12.6,0,0,0,0,0,0,6,2,0,0,0,0,0,Matches
454,Junior Marabel,py PAR,FW,Sarmiento–J,28-070,1998,16,14,"1,165",12.9,6,3,9,4,2,2,1,0,0.46,0.23,0.7,0.31,0.54,Matches
455,Agustín Marchesín,ar ARG,GK,Boca Juniors,38-080,1988,12,12,"1,071",11.9,0,0,0,0,0,0,0,0,0,0,0,0,0,Matches
456,Leonardo Marchi,ar ARG,DF,Cen. Córdoba–SdE,29-260,1996,4,2,179,2,0,0,0,0,0,0,2,0,0,0,0,0,0,Matches
457,Sasha Marcich,ar ARG,DF,Lanús,28-006,1998,15,14,"1,233",13.7,1,1,2,1,0,0,4,0,0.07,0.07,0.15,0.07,0.15,Matches
458,Iván Marcone,ar ARG,MF,Independiente,36-001,1990,14,13,"1,126",12.5,1,0,1,1,0,0,4,0,0.08,0,0.08,0.08,0.08,Matches
459,Gonzalo Maroni,ar ARG,"MF,FW",Barracas Central,27-078,1999,10,3,419,4.7,1,0,1,1,0,0,2,0,0.21,0,0.21,0.21,0.21,Matches
460,Brandon Márquez,ar ARG,,Sarmiento–J,21-102,2005,4,0,59,0.7,0,0,0,0,0,0,1,0,0,0,0,0,0,Matches
461,Rodrigo Márquez,ar ARG,FW,Aldosivi,24-109,2002,4,0,118,1.3,0,0,0,0,0,0,0,0,0,0,0,0,0,Matches
462,Adrián Martínez,ar ARG,FW,Racing Club,33-332,1992,14,13,"1,152",12.8,4,0,4,3,1,2,3,0,0.31,0,0.31,0.23,0.23,Matches
463,Alejandro Martínez,ar ARG,"MF,FW",Huracán,29-049,1997,9,5,385,4.3,0,0,0,0,0,0,0,0,0,0,0,0,0,Matches
464,Damián Martínez,ar ARG,"MF,DF",Barracas Central,36-124,1990,10,7,514,5.7,1,0,1,1,0,0,1,0,0.18,0,0.18,0.18,0.18,Matches
465,Enzo Martínez,uy URU,DF,Gimnasia–LP,28-036,1998,15,15,"1,350",15,2,0,2,2,0,0,4,0,0.13,0,0.13,0.13,0.13,Matches
466,Fernando Martínez,ar ARG,"MF,DF",Cen. Córdoba–SdE,25-312,2000,14,6,588,6.5,1,0,1,1,0,0,2,0,0.15,0,0.15,0.15,0.15,Matches
467,Mauricio Martínez,ar ARG,MF,Sarmiento–J,33-104,1993,12,7,745,8.3,0,0,0,0,0,0,1,0,0,0,0,0,0,Matches
468,Lucas Martínez Quarta,ar ARG,DF,River Plate,30-025,1996,15,15,"1,340",14.9,1,0,1,1,0,0,4,0,0.07,0,0.07,0.07,0.07,Matches
469,Ronaldo Martínez,py PAR,FW,Talleres–C,30-040,1996,16,15,"1,206",13.4,3,1,4,3,0,0,0,0,0.22,0.07,0.3,0.22,0.3,Matches
470,Gastón Martirena,uy URU,"MF,DF",Racing Club,26-150,2000,5,3,292,3.2,0,0,0,0,0,0,0,0,0,0,0,0,0,Matches
471,Thomás de Martis,ar ARG,FW,Lanús,17-343,2008,5,0,90,1,0,0,0,0,0,0,0,0,0,0,0,0,0,Matches
472,Agustín Massaccesi,ar ARG,DF,Instituto,23-260,2002,4,3,253,2.8,0,0,0,0,0,0,1,0,0,0,0,0,0,Matches
473,Diego Mastrángelo,ar ARG,DF,Gimnasia–LP,23-209,2002,5,0,89,1,0,0,0,0,0,0,1,0,0,0,0,0,0,Matches
474,Guillermo Matías Fernández,ar ARG,MF,Rosario Central,34-236,1991,8,4,354,3.9,0,1,1,0,0,0,2,0,0,0.25,0.25,0,0.25,Matches
475,Jerónimo Mattar,ar ARG,MF,Newell's Old Boys,17-301,2008,13,5,654,7.3,0,1,1,0,0,0,3,0,0,0.14,0.14,0,0.14,Matches
Rk,Player,Nation,Pos,Squad,Age,Born,MP,Starts,Min,90s,Gls,Ast,G+A,G-PK,PK,PKatt,CrdY,CrdR,Gls,Ast,G+A,G-PK,G+A-PK,Matches
476,Julián Mavilla,ar ARG,MF,Belgrano,26-038,2000,6,1,268,3,1,0,1,1,0,0,0,0,0.34,0,0.34,0.34,0.34,Matches
477,Augusto Max,ar ARG,MF,Gimnasia–LP,33-298,1992,13,13,"1,117",12.4,0,1,1,0,0,0,5,0,0,0.08,0.08,0,0.08,Matches
478,Sergio Maximiliano Ojeda,ar ARG,DF,Estudiantes–RC,34-151,1992,8,8,720,8,0,0,0,0,0,0,2,0,0,0,0,0,0,Matches
479,Walter Mazzantti,ar ARG,"MF,FW",Newell's Old Boys,29-272,1996,8,7,616,6.8,1,1,2,1,0,0,1,0,0.15,0.15,0.29,0.15,0.29,Matches
480,Walter Mazzantti,ar ARG,MF,Independiente,29-272,1996,6,1,140,1.6,0,0,0,0,0,0,0,0,0,0,0,0,0,Matches
481,Agustín Medina,,MF,Lanús,,,12,10,789,8.8,0,0,0,0,0,0,4,0,0,0,0,0,0,Matches
482,Cristian Medina,ar ARG,MF,Estudiantes–LP,24-003,2002,5,5,443,4.9,0,1,1,0,0,0,0,0,0,0.2,0.2,0,0.2,Matches
483,Sebastián Medina,ar ARG,MF,Tigre,26-081,2000,11,3,317,3.5,0,0,0,0,0,0,0,0,0,0,0,0,0,Matches
484,Matías Melluso,ar ARG,DF,Gimnasia–LP,27-360,1998,1,0,11,0.1,0,0,0,0,0,0,0,0,0,0,0,0,0,Matches
485,Armando Méndez,uy URU,DF,Newell's Old Boys,30-065,1996,14,14,"1,173",13,0,0,0,0,0,0,3,1,0,0,0,0,0,Matches
486,Mauro Méndez,uy URU,FW,Banfield,27-138,1999,16,16,"1,372",15.2,6,3,9,6,0,0,3,0,0.39,0.2,0.59,0.39,0.59,Matches
487,Mateo Mendía,ar ARG,DF,Platense,22-121,2004,4,4,360,4,0,0,0,0,0,0,1,0,0,0,0,0,0,Matches
488,Lucas Menossi,ar ARG,MF,Unión,33-328,1992,3,0,66,0.7,1,0,1,1,0,0,0,0,1.36,0,1.36,1.36,1.36,Matches
489,Miguel Merentiel,uy URU,FW,Boca Juniors,30-100,1996,13,10,854,9.5,5,2,7,5,0,0,1,0,0.53,0.21,0.74,0.53,0.74,Matches
490,Nicolás Meriano,ar ARG,DF,Banfield,25-207,2000,12,9,799,8.9,0,0,0,0,0,0,4,2,0,0,0,0,0,Matches
491,Bautista Merlini,ar ARG,MF,Platense,30-335,1995,14,3,464,5.2,1,0,1,1,0,0,0,0,0.19,0,0.19,0.19,0.19,Matches
492,Jeremias Merlo,,MF,Gimnasia–LP,,,4,2,127,1.4,0,0,0,0,0,0,0,0,0,0,0,0,0,Matches
493,Eric Meza,ar ARG,DF,Estudiantes–LP,27-057,1999,12,12,879,9.8,0,0,0,0,0,0,5,0,0,0,0,0,0,Matches
494,Juan Meza,ar ARG,MF,River Plate,18-082,2008,4,1,138,1.5,0,2,2,0,0,0,2,0,0,1.3,1.3,0,1.3,Matches
495,Maximiliano Meza,ar ARG,MF,River Plate,33-171,1992,1,1,45,0.5,0,0,0,0,0,0,0,0,0,0,0,0,0,Matches
496,Sebastián Meza,ar ARG,GK,Huracán,26-082,2000,1,1,90,1,0,0,0,0,0,0,1,0,0,0,0,0,0,Matches
497,Matko Miljevic,us USA,MF,Racing Club,25-026,2001,12,8,598,6.6,0,0,0,0,0,0,5,1,0,0,0,0,0,Matches
498,Lautaro Millán,cl CHI,MF,Independiente,20-292,2005,14,9,738,8.2,1,1,2,1,0,0,4,0,0.12,0.12,0.24,0.12,0.24,Matches
499,Dardo Miloc,ar ARG,MF,Barracas Central,35-231,1990,15,10,985,10.9,0,0,0,0,0,0,3,0,0,0,0,0,0,Matches
500,Facundo Miño,ar ARG,DF,Deportivo Riestra,26-231,1999,15,10,950,10.6,0,0,0,0,0,0,4,0,0,0,0,0,0,Matches
Rk,Player,Nation,Pos,Squad,Age,Born,MP,Starts,Min,90s,Gls,Ast,G+A,G-PK,PK,PKatt,CrdY,CrdR,Gls,Ast,G+A,G-PK,G+A-PK,Matches
501,Marcelo Miño,ar ARG,GK,Barracas Central,28-287,1997,11,11,979,10.9,0,0,0,0,0,0,1,0,0,0,0,0,0,Matches
502,Ignacio Miramon,ar ARG,MF,Gimnasia–LP,22-357,2003,11,9,767,8.5,0,0,0,0,0,0,4,0,0,0,0,0,0,Matches
503,Juan Miritello,ar ARG,FW,Defensa y Justicia,27-116,1999,6,5,389,4.3,2,0,2,2,0,0,0,0,0.46,0,0.46,0.46,0.46,Matches
504,Agustín Módica,ar ARG,FW,Gimnasia–M,23-143,2003,13,11,873,9.7,4,0,4,4,0,0,4,0,0.41,0,0.41,0.41,0.41,Matches
505,Tomás Molina,ar ARG,FW,Arg Juniors,31-053,1995,11,9,834,9.3,3,0,3,3,0,1,3,0,0.32,0,0.32,0.32,0.32,Matches
506,Manuel Mónaco,ar ARG,MF,Sarmiento–J,24-024,2002,1,0,26,0.3,0,0,0,0,0,0,1,0,0,0,0,0,0,Matches
507,Diego Mondino,ar ARG,DF,Gimnasia–M,31-202,1994,11,9,873,9.7,0,0,0,0,0,0,2,0,0,0,0,0,0,Matches
508,Pablo Monje,ar ARG,MF,Deportivo Riestra,29-118,1997,15,12,"1,040",11.6,0,0,0,0,0,0,1,0,0,0,0,0,0,Matches
509,Lautaro Montenegro,ar ARG,DF,San Lorenzo,21-098,2005,5,5,450,5,0,0,0,0,0,0,2,0,0,0,0,0,0,Matches
510,Gonzalo Montiel,ar ARG,DF,River Plate,29-154,1997,14,14,"1,259",14,4,1,5,2,2,2,4,0,0.29,0.07,0.36,0.14,0.21,Matches
511,Santiago Montiel,ar ARG,"MF,FW",Independiente,25-194,2000,11,8,629,7,1,1,2,1,0,0,1,1,0.14,0.14,0.29,0.14,0.29,Matches
512,Florián Monzón,ar ARG,FW,Vélez Sarsfield,25-152,2001,14,13,"1,042",11.6,6,0,6,5,1,1,3,0,0.52,0,0.52,0.43,0.43,Matches
513,Lautaro Mora,ar ARG,FW,Huracán,20-099,2006,5,0,52,0.6,0,0,0,0,0,0,1,0,0,0,0,0,0,Matches
514,Agustín Morales,ar ARG,FW,Estudiantes–RC,27-110,1999,1,0,14,0.2,0,0,0,0,0,0,0,0,0,0,0,0,0,Matches
515,Iván Morales Bravo,cl CHI,FW,Arg Juniors,26-310,1999,11,9,744,8.3,2,1,3,2,0,0,1,0,0.24,0.12,0.36,0.24,0.36,Matches
516,Gonzalo Morales,ar ARG,FW,Barracas Central,23-092,2003,11,6,561,6.2,1,0,1,1,0,0,1,0,0.16,0,0.16,0.16,0.16,Matches
517,Leonardo Morales,ar ARG,DF,Belgrano,35-054,1991,14,14,"1,148",12.8,0,0,0,0,0,0,4,1,0,0,0,0,0,Matches
518,Matías Morello,ar ARG,"MF,DF",Aldosivi,25-112,2001,4,2,236,2.6,0,0,0,0,0,0,1,0,0,0,0,0,0,Matches
519,Aníbal Moreno,ar ARG,MF,River Plate,27-022,1999,16,16,"1,389",15.4,0,2,2,0,0,0,1,0,0,0.13,0.13,0,0.13,Matches
520,Marcelino Moreno,ar ARG,MF,Lanús,31-344,1994,8,5,530,5.9,3,1,4,3,0,0,0,0,0.51,0.17,0.68,0.51,0.68,Matches
521,Neyder Moreno,co COL,MF,Banfield,29-115,1997,7,2,205,2.3,1,0,1,1,0,0,1,0,0.44,0,0.44,0.44,0.44,Matches
522,Valentín Moreno,ar ARG,DF,Tigre,23-105,2003,9,9,726,8.1,0,0,0,0,0,0,4,0,0,0,0,0,0,Matches
523,Stéfano Moreyra,ar ARG,MF,Ind. Rivadavia,24-258,2001,6,1,89,1,0,0,0,0,0,0,1,0,0,0,0,0,0,Matches
524,Nicolás Morgantini,ar ARG,DF,Lanús,31-266,1994,3,2,225,2.5,0,0,0,0,0,0,0,0,0,0,0,0,0,Matches
525,Leonel Mosevich,ar ARG,DF,Instituto,29-120,1997,16,16,"1,440",16,0,0,0,0,0,0,4,0,0,0,0,0,0,Matches
Rk,Player,Nation,Pos,Squad,Age,Born,MP,Starts,Min,90s,Gls,Ast,G+A,G-PK,PK,PKatt,CrdY,CrdR,Gls,Ast,G+A,G-PK,G+A-PK,Matches
526,Joaquín Mosqueira,ar ARG,MF,Tigre,21-215,2004,6,1,95,1.1,0,0,0,0,0,0,1,0,0,0,0,0,0,Matches
527,Jherson Mosquera,co COL,DF,Newell's Old Boys,26-259,1999,1,1,90,1,0,0,0,0,0,0,0,0,0,0,0,0,0,Matches
528,Santiago Moya,ar ARG,DF,Aldosivi,22-356,2003,7,7,630,7,1,0,1,1,0,0,2,0,0.14,0,0.14,0.14,0.14,Matches
529,Franco Moyano,ar ARG,MF,Instituto,28-264,1997,3,2,129,1.4,0,0,0,0,0,0,1,0,0,0,0,0,0,Matches
530,Santiago Moyano,ar ARG,DF,Cen. Córdoba–SdE,28-254,1997,14,13,"1,038",11.5,0,0,0,0,0,0,1,0,0,0,0,0,0,Matches
531,Ezequiel Muñoz,ar ARG,DF,Gimnasia–M,35-239,1990,13,13,"1,114",12.4,2,0,2,2,0,0,0,0,0.16,0,0.16,0.16,0.16,Matches
532,Fernando Muslera,uy URU,GK,Estudiantes–LP,39-353,1986,11,11,945,10.5,0,0,0,0,0,0,1,0,0,0,0,0,0,Matches
533,Facundo Kalinger di Napoli,ar ARG,MF,Huracán,21-125,2005,5,1,153,1.7,0,0,0,0,0,0,0,0,0,0,0,0,0,Matches
534,Juan Nardoni,ar ARG,MF,Racing Club,23-325,2002,2,2,126,1.4,0,0,0,0,0,0,1,0,0,0,0,0,0,Matches
535,Tomás Nasif,ar ARG,FW,Platense,22-153,2004,12,4,526,5.8,2,1,3,2,0,0,0,0,0.34,0.17,0.51,0.34,0.51,Matches
536,Federico Navarro,ar ARG,MF,Rosario Central,26-087,2000,11,3,354,3.9,0,0,0,0,0,0,2,0,0,0,0,0,0,Matches
537,Ezequiel Naya,ar ARG,FW,Cen. Córdoba–SdE,24-304,2001,12,10,727,8.1,2,0,2,2,0,0,1,0,0.25,0,0.25,0.25,0.25,Matches
538,Hugo Nervo,ar ARG,DF,Huracán,35-149,1991,6,1,146,1.6,1,0,1,1,0,0,1,0,0.62,0,0.62,0.62,0.62,Matches
539,Gabriel Neves,uy URU,MF,Estudiantes–LP,28-297,1997,11,5,438,4.9,0,0,0,0,0,0,1,0,0,0,0,0,0,Matches
540,Franco Nicola,uy URU,"MF,FW",Atlé Tucumán,24-047,2002,14,10,853,9.5,2,1,3,2,0,0,0,0,0.21,0.11,0.32,0.21,0.32,Matches
541,Gonzalo Nicolás Martínez,ar ARG,MF,Tigre,32-356,1993,11,4,366,4.1,2,0,2,2,0,0,1,0,0.49,0,0.49,0.49,0.49,Matches
542,Aaron Nicolás Molinas,ar ARG,MF,Defensa y Justicia,25-306,2000,15,15,"1,348",15,3,4,7,0,3,3,3,0,0.2,0.27,0.47,0,0.27,Matches
543,Fabián Noguera,ar ARG,DF,Newell's Old Boys,33-076,1993,2,0,110,1.2,0,0,0,0,0,0,0,0,0,0,0,0,0,Matches
544,Santiago Núñez,ar ARG,DF,Estudiantes–LP,26-036,2000,9,7,604,6.7,1,1,2,1,0,0,4,1,0.15,0.15,0.3,0.15,0.3,Matches
545,Walter Núñez,ar ARG,"MF,FW",Newell's Old Boys,23-111,2003,15,9,763,8.5,1,1,2,1,0,0,2,0,0.12,0.12,0.24,0.12,0.24,Matches
546,Tomás O'Connor,ar ARG,MF,Gimnasia–M,22-071,2004,4,0,128,1.4,0,0,0,0,0,0,0,0,0,0,0,0,0,Matches
547,Gabriel Obredor,ar ARG,FW,Deportivo Riestra,29-149,1997,16,2,543,6,0,0,0,0,0,0,2,0,0,0,0,0,0,Matches
548,Álvaro Ocampo,ar ARG,DF,Belgrano,21-327,2004,7,2,296,3.3,0,0,0,0,0,0,0,0,0,0,0,0,0,Matches
549,Pedro Ojeda,ar ARG,MF,Huracán,28-211,1997,13,12,"1,023",11.4,0,2,2,0,0,0,2,0,0,0.18,0.18,0,0.18,Matches
550,Tomás Olmos,ar ARG,DF,Estudiantes–RC,21-133,2005,3,2,164,1.8,0,0,0,0,0,0,1,0,0,0,0,0,0,Matches
Rk,Player,Nation,Pos,Squad,Age,Born,MP,Starts,Min,90s,Gls,Ast,G+A,G-PK,PK,PKatt,CrdY,CrdR,Gls,Ast,G+A,G-PK,G+A-PK,Matches
551,Nicolás Omar Goitea,ar ARG,DF,Newell's Old Boys,28-358,1997,10,9,855,9.5,0,0,0,0,0,0,1,0,0,0,0,0,0,Matches
552,Nicolás Oróz,ar ARG,MF,Arg Juniors,32-064,1994,15,13,"1,028",11.4,2,2,4,1,1,1,1,0,0.18,0.18,0.35,0.09,0.26,Matches
553,Franco Orozco,ar ARG,"FW,MF",Newell's Old Boys,24-146,2002,3,0,75,0.8,0,0,0,0,0,0,0,0,0,0,0,0,0,Matches
554,Martín Ortega,ar ARG,DF,Newell's Old Boys,26-288,1999,3,1,131,1.5,0,0,0,0,0,0,1,0,0,0,0,0,0,Matches
555,Diego Ortegoza,cl CHI,MF,Talleres–C,29-046,1997,14,10,831,9.2,0,2,2,0,0,0,3,0,0,0.22,0.22,0,0.22,Matches
556,Kevin Ortíz,ar ARG,MF,Atlé Tucumán,25-259,2000,11,9,824,9.2,0,1,1,0,0,0,2,1,0,0.11,0.11,0,0.11,Matches
557,Tomás Ortiz,ar ARG,MF,Gimnasia–M,26-086,2000,1,0,19,0.2,0,0,0,0,0,0,0,0,0,0,0,0,0,Matches
558,Alejo Osella,ar ARG,"DF,MF",Ind. Rivadavia,25-247,2000,13,12,952,10.6,4,0,4,4,0,0,1,0,0.38,0,0.38,0.38,0.38,Matches
559,Abiel Osorio,ar ARG,FW,Defensa y Justicia,23-356,2002,4,3,185,2.1,0,0,0,0,0,0,0,0,0,0,0,0,0,Matches
560,Tobías Ostchega,ar ARG,DF,Estudiantes–RC,27-283,1998,11,9,799,8.9,0,0,0,0,0,0,2,0,0,0,0,0,0,Matches
561,Ignacio Ovando,ar ARG,DF,Rosario Central,18-340,2007,13,13,"1,170",13,1,0,1,1,0,0,1,0,0.08,0,0.08,0.08,0.08,Matches
562,Alfio Oviedo,py PAR,FW,Tigre,30-168,1995,9,2,281,3.1,1,0,1,1,0,0,2,0,0.32,0,0.32,0.32,0.32,Matches
563,Fabricio Oviedo,ar ARG,FW,Rosario Central,22-112,2004,2,1,67,0.7,0,0,0,0,0,0,0,0,0,0,0,0,0,Matches
564,Kendry Páez,ec ECU,"MF,FW",River Plate,19-031,2007,8,3,317,3.5,1,0,1,1,0,0,1,0,0.28,0,0.28,0.28,0.28,Matches
565,Ignacio Pais,ar ARG,MF,Banfield,26-005,2000,12,12,985,10.9,0,0,0,0,0,0,2,0,0,0,0,0,0,Matches
566,Julián Palacios,ar ARG,MF,Unión,27-120,1999,15,15,"1,165",12.9,3,5,8,3,0,0,4,0,0.23,0.39,0.62,0.23,0.62,Matches
567,Tiago Palacios,uy URU,"MF,FW",Estudiantes–LP,25-068,2001,13,7,736,8.2,3,1,4,3,0,0,2,0,0.37,0.12,0.49,0.37,0.49,Matches
568,Tomás Palacios,ar ARG,DF,Estudiantes–LP,23-037,2003,11,10,927,10.3,0,0,0,0,0,0,3,1,0,0,0,0,0,Matches
569,Agustín Palavecino,ar ARG,"MF,FW",Aldosivi,23-087,2003,15,11,922,10.2,0,0,0,0,0,0,4,0,0,0,0,0,0,Matches
570,Lucas Palavecino,ar ARG,MF,Banfield,22-229,2003,3,0,85,0.9,0,0,0,0,0,0,0,0,0,0,0,0,0,Matches
571,Nicolás Palavecino,ar ARG,FW,Unión,23-067,2003,7,1,202,2.2,0,1,1,0,0,0,0,0,0,0.45,0.45,0,0.45,Matches
572,Máximo Palazzo,ar ARG,DF,Huracán,20-363,2005,6,5,417,4.6,0,0,0,0,0,0,1,0,0,0,0,0,0,Matches
573,Manuel Panaro,ar ARG,"MF,FW",Gimnasia–LP,23-158,2002,14,10,785,8.7,1,1,2,1,0,0,2,1,0.11,0.11,0.23,0.11,0.23,Matches
574,Franco Pardo,ar ARG,DF,Racing Club,29-060,1997,12,7,742,8.2,0,0,0,0,0,0,3,0,0,0,0,0,0,Matches
575,Leandro Paredes,ar ARG,MF,Boca Juniors,31-340,1994,14,10,977,10.9,2,3,5,0,2,2,6,0,0.18,0.28,0.46,0,0.28,Matches
Rk,Player,Nation,Pos,Squad,Age,Born,MP,Starts,Min,90s,Gls,Ast,G+A,G-PK,PK,PKatt,CrdY,CrdR,Gls,Ast,G+A,G-PK,G+A-PK,Matches
576,Luciano Paredes,ar ARG,"DF,MF",Gimnasia–M,23-268,2002,13,11,948,10.5,1,0,1,1,0,0,0,0,0.09,0,0.09,0.09,0.09,Matches
577,Nicolás Pasquini,ar ARG,"DF,MF",Sarmiento–J,35-153,1991,6,5,438,4.9,1,0,1,1,0,0,0,0,0.21,0,0.21,0.21,0.21,Matches
578,Lucas Passerini,ar ARG,FW,Belgrano,31-323,1994,11,4,443,4.9,0,4,4,0,0,1,1,0,0,0.81,0.81,0,0.81,Matches
579,Cristian Paz,ar ARG,DF,Deportivo Riestra,31-041,1995,15,15,"1,332",14.8,0,0,0,0,0,0,3,0,0,0,0,0,0,Matches
580,Nehuén Paz,ar ARG,DF,Huracán,33-037,1993,4,4,293,3.3,0,0,0,0,0,0,1,0,0,0,0,0,0,Matches
581,Nicolás Paz,ar ARG,DF,Unión,23-231,2002,1,1,65,0.7,0,0,0,0,0,0,0,0,0,0,0,0,0,Matches
582,Matías Pellegrini,ar ARG,"MF,FW",Vélez Sarsfield,26-024,2000,11,9,700,7.8,3,2,5,3,0,0,2,0,0.39,0.26,0.64,0.39,0.64,Matches
583,Marco Pellegrino,ar ARG,DF,Boca Juniors,23-321,2002,4,4,360,4,0,0,0,0,0,0,0,0,0,0,0,0,0,Matches
584,Ignacio Peluffo,,FW,Tigre,,,1,0,15,0.2,0,0,0,0,0,0,0,0,0,0,0,0,0,Matches
585,Felipe Peña,ar ARG,MF,Lanús,25-060,2001,15,6,620,6.9,0,0,0,0,0,0,0,0,0,0,0,0,0,Matches
586,Taiel Peralta,ar ARG,"MF,FW",Huracán,17-256,2008,9,7,458,5.1,2,0,2,2,0,0,1,1,0.39,0,0.39,0.39,0.39,Matches
587,Elías Pereyra,ar ARG,"MF,DF",Defensa y Justicia,27-109,1999,11,6,558,6.2,2,0,2,2,0,0,0,0,0.32,0,0.32,0.32,0.32,Matches
588,Fabio Pereyra,ar ARG,DF,Huracán,36-124,1990,16,16,"1,440",16,0,0,0,0,0,0,1,0,0,0,0,0,0,Matches
589,Joaquín Pereyra,ar ARG,DF,Estudiantes–LP,20-353,2005,2,2,151,1.7,0,0,0,0,0,0,1,0,0,0,0,0,0,Matches
590,Lautaro Pereyra,ar ARG,MF,River Plate,18-068,2008,3,0,63,0.7,0,0,0,0,0,0,0,0,0,0,0,0,0,Matches
591,Benjamín Pérez,ar ARG,MF,Deportivo Riestra,20-001,2006,1,0,20,0.2,0,0,0,0,0,0,0,0,0,0,0,0,0,Matches
592,César Pérez,cl CHI,MF,Defensa y Justicia,23-187,2002,3,1,131,1.5,0,0,0,0,0,0,0,0,0,0,0,0,0,Matches
593,Enzo Pérez,ar ARG,MF,Arg Juniors,40-102,1986,5,1,111,1.2,0,0,0,0,0,0,0,0,0,0,0,0,0,Matches
594,Ezequiel Pérez,ar ARG,MF,Racing Club,18-012,2008,1,0,7,0.1,0,0,0,0,0,0,0,0,0,0,0,0,0,Matches
595,Fabricio Pérez,ar ARG,MF,Estudiantes–LP,20-179,2005,15,11,838,9.3,3,0,3,3,0,0,2,0,0.32,0,0.32,0.32,0.32,Matches
596,Gonzalo Pérez,uy URU,DF,Lanús,25-151,2001,7,3,329,3.7,0,0,0,0,0,0,1,0,0,0,0,0,0,Matches
597,Juan Pérez,co COL,MF,Gimnasia–LP,21-314,2004,3,0,47,0.5,0,0,0,0,0,0,0,0,0,0,0,0,0,Matches
598,Mateo Pérez,ar ARG,MF,Independiente,20-131,2006,8,5,426,4.7,0,0,0,0,0,0,2,0,0,0,0,0,0,Matches
599,Tomás Pérez,ar ARG,FW,Racing Club,20-038,2006,2,0,52,0.6,0,0,0,0,0,0,0,0,0,0,0,0,0,Matches
600,Tiziano Perrotta,ar ARG,FW,Banfield,19-191,2006,13,11,823,9.1,4,1,5,4,0,0,0,0,0.44,0.11,0.55,0.44,0.55,Matches
Rk,Player,Nation,Pos,Squad,Age,Born,MP,Starts,Min,90s,Gls,Ast,G+A,G-PK,PK,PKatt,CrdY,CrdR,Gls,Ast,G+A,G-PK,G+A-PK,Matches
601,Francisco Perruzzi,ar ARG,MF,San Lorenzo,24-275,2001,4,0,33,0.4,0,0,0,0,0,0,0,0,0,0,0,0,0,Matches
602,Ignacio Perruzzi,ar ARG,MF,San Lorenzo,21-060,2005,12,9,789,8.8,0,0,0,0,0,0,2,0,0,0,0,0,0,Matches
603,Franco Petroli,ar ARG,GK,Lanús,27-358,1998,2,2,180,2,0,0,0,0,0,0,0,0,0,0,0,0,0,Matches
604,Lautaro Petruchi,ar ARG,GK,Gimnasia–M,27-276,1998,2,2,180,2,0,0,0,0,0,0,1,0,0,0,0,0,0,Matches
605,Germán Pezzella,ar ARG,DF,River Plate,34-342,1991,2,1,135,1.5,0,0,0,0,0,0,0,0,0,0,0,0,0,Matches
606,Bautista Pieroni,ar ARG,DF,Estudiantes–RC,17-316,2008,1,0,8,0.1,0,0,0,0,0,0,0,0,0,0,0,0,0,Matches
607,Juan Pignani,ar ARG,DF,Cen. Córdoba–SdE,24-337,2001,8,7,602,6.7,0,0,0,0,0,0,2,1,0,0,0,0,0,Matches
608,Gonzalo Piñeiro,ar ARG,MF,Tigre,25-244,2000,7,4,319,3.5,0,0,0,0,0,0,3,0,0,0,0,0,0,Matches
609,Lisandro Piñero,ar ARG,MF,Banfield,18-324,2007,13,4,465,5.2,0,0,0,0,0,0,2,0,0,0,0,0,0,Matches
610,Lucas Piovi,ar ARG,MF,Estudiantes–LP,33-288,1992,14,14,"1,140",12.7,0,1,1,0,0,0,3,0,0,0.08,0.08,0,0.08,Matches
611,Bruno Pittón,ar ARG,DF,Unión,33-123,1993,10,3,281,3.1,0,0,0,0,0,0,0,0,0,0,0,0,0,Matches
612,Mauro Pittón,ar ARG,MF,Unión,31-300,1994,16,16,"1,399",15.5,0,0,0,0,0,0,5,0,0,0,0,0,0,Matches
613,Damián Pizarro,cl CHI,FW,Racing Club,21-068,2005,2,2,115,1.3,0,1,1,0,0,0,0,0,0,0.78,0.78,0,0.78,Matches
614,Vicente Pizarro,cl CHI,MF,Rosario Central,23-211,2002,15,15,"1,281",14.2,1,1,2,1,0,0,2,0,0.07,0.07,0.14,0.07,0.14,Matches
615,Diego Porcel,ar ARG,"MF,FW",Arg Juniors,21-134,2005,14,5,513,5.7,0,0,0,0,0,0,1,0,0,0,0,0,0,Matches
616,Tomás Porra,ar ARG,MF,Barracas Central,22-146,2004,16,15,"1,250",13.9,0,3,3,0,0,0,4,0,0,0.22,0.22,0,0.22,Matches
617,Ayrton Portillo,ar ARG,MF,Defensa y Justicia,25-290,2000,11,11,875,9.7,3,1,4,3,0,0,2,0,0.31,0.1,0.41,0.31,0.41,Matches
618,Juan Portillo,ar ARG,"DF,MF",River Plate,26-017,2000,1,0,16,0.2,0,0,0,0,0,0,0,0,0,0,0,0,0,Matches
619,Sebastián Prieto,ar ARG,DF,Arg Juniors,33-056,1993,15,14,"1,136",12.6,1,2,3,1,0,0,3,0,0.08,0.16,0.24,0.08,0.24,Matches
620,Rafael Profini,ar ARG,MF,Unión,22-268,2003,16,16,"1,322",14.7,1,5,6,1,0,0,1,0,0.07,0.34,0.41,0.07,0.41,Matches
621,Maximiliano Puig,ar ARG,MF,Barracas Central,25-259,2000,2,0,23,0.3,0,0,0,0,0,0,0,0,0,0,0,0,0,Matches
622,Ignacio Pussetto,ar ARG,MF,Independiente,30-165,1995,10,5,417,4.6,1,0,1,1,0,0,1,0,0.22,0,0.22,0.22,0.22,Matches
623,Carlos Quintana,ar ARG,DF,Rosario Central,38-113,1988,4,2,238,2.6,0,1,1,0,0,0,0,0,0,0.38,0.38,0,0.38,Matches
624,Juan Quintero,co COL,MF,River Plate,33-137,1993,12,6,549,6.1,2,2,4,2,0,1,0,0,0.33,0.33,0.66,0.33,0.66,Matches
625,Agustin Quiroga,ar ARG,DF,Cen. Córdoba–SdE,24-059,2002,13,9,802,8.9,0,0,0,0,0,0,3,0,0,0,0,0,0,Matches
Rk,Player,Nation,Pos,Squad,Age,Born,MP,Starts,Min,90s,Gls,Ast,G+A,G-PK,PK,PKatt,CrdY,CrdR,Gls,Ast,G+A,G-PK,G+A-PK,Matches
626,Aaron Quirós,ar ARG,DF,Vélez Sarsfield,24-216,2001,7,4,382,4.2,0,0,0,0,0,0,1,0,0,0,0,0,0,Matches
627,Luca Rafaelli,,MF,Instituto,,,9,1,247,2.7,1,1,2,1,0,0,2,0,0.36,0.36,0.73,0.36,0.73,Matches
628,Luca Raffin,py PAR,DF,Rosario Central,20-142,2006,7,2,207,2.3,0,0,0,0,0,0,0,0,0,0,0,0,0,Matches
629,Eugenio Raggio,ar ARG,DF,Platense,24-277,2001,8,8,720,8,0,0,0,0,0,0,2,0,0,0,0,0,0,Matches
630,Yonatthan Rak,uy URU,DF,Barracas Central,32-290,1993,4,2,191,2.1,0,0,0,0,0,0,0,0,0,0,0,0,0,Matches
631,Eric Ramírez,ar ARG,MF,Huracán,29-256,1996,9,1,149,1.7,0,1,1,0,0,0,1,0,0,0.6,0.6,0,0.6,Matches
632,Mateo Ramírez,ar ARG,MF,Deportivo Riestra,31-137,1995,1,0,16,0.2,0,0,0,0,0,0,1,0,0,0,0,0,0,Matches
633,Pedro Ramírez,ar ARG,"DF,MF",Deportivo Riestra,26-061,2000,11,11,884,9.8,1,0,1,1,0,0,2,0,0.1,0,0.1,0.1,0.1,Matches
634,Tobías Ramírez,ar ARG,DF,Arg Juniors,19-205,2006,1,1,90,1,0,0,0,0,0,0,1,0,0,0,0,0,0,Matches
635,Tobías Ramírez,ar ARG,DF,River Plate,19-205,2006,1,1,45,0.5,0,0,0,0,0,0,1,0,0,0,0,0,0,Matches
636,Victorio Ramis,ar ARG,FW,Ind. Rivadavia,31-332,1994,4,1,63,0.7,0,0,0,0,0,0,0,0,0,0,0,0,0,Matches
637,Luciano Ramón Herrera,ar ARG,"MF,FW",Newell's Old Boys,30-004,1996,16,10,833,9.3,0,1,1,0,0,0,4,0,0,0.11,0.11,0,0.11,Matches
638,Lucas Ramos,ar ARG,MF,Rosario Central,20-142,2006,1,1,76,0.8,0,0,0,0,0,0,0,0,0,0,0,0,0,Matches
639,Juan Randazzo,ar ARG,DF,Deportivo Riestra,31-236,1994,12,10,932,10.4,0,0,0,0,0,0,3,0,0,0,0,0,0,Matches
640,Juan Rattalino,ar ARG,MF,San Lorenzo,22-132,2004,4,0,78,0.9,0,0,0,0,0,0,0,0,0,0,0,0,0,Matches
641,Matías Reali,ar ARG,"MF,FW",San Lorenzo,28-202,1997,9,4,422,4.7,0,1,1,0,0,0,1,0,0,0.21,0.21,0,0.21,Matches
642,Matías Recalde,ar ARG,DF,Gimnasia–M,28-330,1997,11,3,458,5.1,0,0,0,0,0,0,2,0,0,0,0,0,0,Matches
643,Luca Regiardo,ar ARG,MF,Newell's Old Boys,19-224,2006,11,11,964,10.7,0,0,0,0,0,0,4,0,0,0,0,0,0,Matches
644,Josue Reinatti,ar ARG,GK,Newell's Old Boys,23-002,2003,5,5,450,5,0,0,0,0,0,0,0,0,0,0,0,0,0,Matches
645,Jhon Rentería,co COL,"MF,FW",Sarmiento–J,20-223,2005,8,4,365,4.1,0,1,1,0,0,0,3,0,0,0.25,0.25,0,0.25,Matches
646,Kevin Retamar,ar ARG,MF,Platense,27-118,1999,12,6,549,6.1,1,2,3,1,0,0,0,0,0.16,0.33,0.49,0.16,0.49,Matches
647,Camilo Rey,ar ARG,MF,Boca Juniors,20-086,2006,2,1,74,0.8,0,0,0,0,0,0,0,0,0,0,0,0,0,Matches
648,Rodrigo Rey,ar ARG,GK,Independiente,35-088,1991,16,16,"1,440",16,0,0,0,0,0,0,1,0,0,0,0,0,0,Matches
649,Federico Ricca,uy URU,"DF,MF",Belgrano,31-185,1994,9,9,663,7.4,0,0,0,0,0,0,1,1,0,0,0,0,0,Matches
650,Rick,br BRA,MF,Talleres–C,26-275,1999,14,10,875,9.7,2,1,3,2,0,0,4,0,0.21,0.1,0.31,0.21,0.31,Matches
Rk,Player,Nation,Pos,Squad,Age,Born,MP,Starts,Min,90s,Gls,Ast,G+A,G-PK,PK,PKatt,CrdY,CrdR,Gls,Ast,G+A,G-PK,G+A-PK,Matches
651,Alessandro Riep,ar ARG,DF,Ind. Rivadavia,22-336,2003,1,1,90,1,0,0,0,0,0,0,1,0,0,0,0,0,0,Matches
652,César Rigamonti,ar ARG,GK,Gimnasia–M,39-058,1987,14,14,"1,260",14,0,0,0,0,0,0,2,0,0,0,0,0,0,Matches
653,Emiliano Rigoni,ar ARG,MF,Belgrano,33-120,1993,13,13,975,10.8,1,2,3,1,0,0,0,1,0.09,0.18,0.28,0.09,0.28,Matches
654,Martín Río,ar ARG,MF,Talleres–C,25-082,2001,9,1,159,1.8,1,0,1,1,0,0,1,0,0.57,0,0.57,0.57,0.57,Matches
655,Gonzalo Ríos,ar ARG,MF,Ind. Rivadavia,27-128,1999,15,10,813,9,1,2,3,1,0,0,1,0,0.11,0.22,0.33,0.11,0.33,Matches
656,Lautaro Ríos,ar ARG,MF,Banfield,25-238,2000,5,2,301,3.3,0,0,0,0,0,0,1,0,0,0,0,0,0,Matches
657,Leonardo Rios,ar ARG,DF,Rosario Central,19-207,2006,1,0,24,0.3,0,0,0,0,0,0,0,0,0,0,0,0,0,Matches
658,Román Riquelme,ar ARG,DF,Arg Juniors,24-017,2002,10,10,900,10,1,0,1,1,0,0,4,0,0.1,0,0.1,0.1,0.1,Matches
659,Gabriel Risso Patrón,ar ARG,DF,Newell's Old Boys,30-211,1995,4,3,285,3.2,0,0,0,0,0,0,0,0,0,0,0,0,0,Matches
660,Marco Rivas,pe PER,MF,Tigre,18-020,2008,1,0,16,0.2,0,0,0,0,0,0,0,0,0,0,0,0,0,Matches
661,Lautaro Rivero,ar ARG,DF,River Plate,22-215,2003,14,14,"1,236",13.7,1,0,1,1,0,0,6,0,0.07,0,0.07,0.07,0.07,Matches
662,Lucas Robertone,ar ARG,MF,Vélez Sarsfield,29-078,1997,14,8,733,8.1,1,0,1,1,0,0,6,1,0.12,0,0.12,0.12,0.12,Matches
663,Baltasar Rodríguez,ar ARG,MF,Racing Club,22-330,2003,12,7,571,6.3,0,1,1,0,0,0,5,0,0,0.16,0.16,0,0.16,Matches
664,Gregorio Rodríguez,ar ARG,"MF,FW",San Lorenzo,26-138,2000,12,6,532,5.9,2,0,2,2,0,0,0,0,0.34,0,0.34,0.34,0.34,Matches
665,Ignacio Rodríguez,ar ARG,MF,Racing Club,24-102,2002,1,0,7,0.1,0,0,0,0,0,0,0,0,0,0,0,0,0,Matches
666,Lucas Rodríguez,ar ARG,"DF,MF",Aldosivi,32-250,1993,11,8,721,8,0,1,1,0,0,0,0,0,0,0.12,0.12,0,0.12,Matches
667,Maizon Rodríguez,uy URU,DF,Unión,23-013,2003,16,16,"1,370",15.2,1,0,1,1,0,0,2,0,0.07,0,0.07,0.07,0.07,Matches
668,Santiago Rodriguez,ar ARG,FW,Gimnasia–M,28-285,1997,11,7,590,6.6,1,1,2,1,0,0,1,0,0.15,0.15,0.31,0.15,0.31,Matches
669,Teo Rodríguez,ar ARG,"DF,MF",San Lorenzo,20-235,2005,9,5,578,6.4,0,0,0,0,0,0,1,0,0,0,0,0,0,Matches
670,Thomas Rodríguez,cl CHI,MF,Banfield,30-060,1996,2,0,18,0.2,0,0,0,0,0,0,0,0,0,0,0,0,0,Matches
671,Manuel Roffo,ar ARG,GK,Instituto,26-061,2000,16,16,"1,440",16,0,0,0,0,0,0,1,0,0,0,0,0,0,Matches
672,Gabriel Rojas,ar ARG,"DF,MF",Racing Club,28-347,1997,12,12,"1,080",12,1,3,4,1,0,0,2,0,0.08,0.25,0.33,0.08,0.33,Matches
673,Marcos Rojo,ar ARG,DF,Racing Club,36-076,1990,7,6,459,5.1,0,0,0,0,0,0,2,1,0,0,0,0,0,Matches
674,Esteban Rolón,ar ARG,MF,Aldosivi,31-071,1995,14,11,836,9.3,0,0,0,0,0,0,6,0,0,0,0,0,0,Matches
675,Fernando Román,py PAR,DF,Aldosivi,27-196,1998,15,11,"1,030",11.4,0,1,1,0,0,0,3,0,0,0.09,0.09,0,0.09,Matches
Rk,Player,Nation,Pos,Squad,Age,Born,MP,Starts,Min,90s,Gls,Ast,G+A,G-PK,PK,PKatt,CrdY,CrdR,Gls,Ast,G+A,G-PK,G+A-PK,Matches
676,Pocho Román,it ITA,FW,Atlé Tucumán,22-114,2004,1,0,7,0.1,0,0,0,0,0,0,0,0,0,0,0,0,0,Matches
677,Jhohan Romaña,co COL,DF,San Lorenzo,27-264,1998,14,14,"1,215",13.5,0,0,0,0,0,0,4,0,0,0,0,0,0,Matches
678,Ángel Romero,py PAR,"MF,FW",Boca Juniors,33-335,1992,8,4,348,3.9,0,0,0,0,0,0,0,0,0,0,0,0,0,Matches
679,Braian Romero,ar ARG,FW,Vélez Sarsfield,34-354,1991,10,2,299,3.3,1,0,1,0,1,1,3,0,0.3,0,0.3,0,0,Matches
680,Francisco Romero,ar ARG,MF,Estudiantes–RC,27-088,1999,10,8,720,8,0,0,0,0,0,0,1,0,0,0,0,0,0,Matches
681,José Romero,ar ARG,FW,Tigre,23-071,2003,12,10,793,8.8,7,2,9,7,0,0,1,0,0.79,0.23,1.02,0.79,1.02,Matches
682,Juan Romero,py PAR,"FW,MF",Instituto,25-030,2001,1,0,14,0.2,0,0,0,0,0,0,0,0,0,0,0,0,0,Matches
683,Luciano Romero,ar ARG,DF,Lanús,20-152,2006,1,1,79,0.9,0,0,0,0,0,0,0,0,0,0,0,0,0,Matches
684,Óscar Romero,py PAR,MF,Huracán,33-335,1992,10,7,536,6,0,0,0,0,0,0,0,0,0,0,0,0,0,Matches
685,Siro Rosane,ar ARG,MF,Estudiantes–RC,25-362,2000,14,7,702,7.8,0,1,1,0,0,0,1,0,0,0.13,0.13,0,0.13,Matches
686,Nazareno Roselli,ar ARG,MF,Defensa y Justicia,19-299,2006,3,0,13,0.1,0,0,0,0,0,0,0,0,0,0,0,0,0,Matches
687,Agustín Ruberto,ar ARG,FW,River Plate,20-141,2006,4,2,169,1.9,0,0,0,0,0,0,1,0,0,0,0,0,0,Matches
688,Tobías Rubio,ar ARG,DF,Racing Club,21-312,2004,2,0,29,0.3,0,0,0,0,0,0,1,0,0,0,0,0,0,Matches
689,Matías Ruíz Díaz,ar ARG,DF,Estudiantes–RC,29-268,1996,3,3,270,3,0,0,0,0,0,0,0,0,0,0,0,0,0,Matches
690,Ramiro Ruiz,ar ARG,FW,Atlé Tucumán,26-075,2000,5,1,144,1.6,0,0,0,0,0,0,0,0,0,0,0,0,0,Matches
691,Ignacio Russo,ar ARG,FW,Tigre,25-173,2000,16,15,"1,355",15.1,4,3,7,4,0,0,2,0,0.27,0.2,0.46,0.27,0.46,Matches
692,Jerónimo Russo,ar ARG,DF,Newell's Old Boys,21-005,2005,13,7,737,8.2,1,2,3,1,0,0,3,0,0.12,0.24,0.37,0.12,0.37,Matches
693,Franco Saavedra,ar ARG,DF,Gimnasia–M,22-275,2003,13,13,"1,024",11.4,0,1,1,0,0,0,2,2,0,0.09,0.09,0,0.09,Matches
694,Luciano Sábato,ar ARG,FW,Ind. Rivadavia,18-009,2008,1,0,18,0.2,0,0,0,0,0,0,1,0,0,0,0,0,0,Matches
695,Juan Saborido,ar ARG,DF,Platense,28-040,1998,15,15,"1,297",14.4,0,0,0,0,0,0,1,0,0,0,0,0,0,Matches
696,Maximiliano Salas,ar ARG,FW,River Plate,28-185,1997,12,2,392,4.4,1,0,1,1,0,0,2,0,0.23,0,0.23,0.23,0.23,Matches
697,Saúl Salcedo,py PAR,DF,Newell's Old Boys,28-279,1997,14,14,"1,260",14,0,0,0,0,0,0,4,0,0,0,0,0,0,Matches
698,Santiago Salle,ar ARG,MF,Sarmiento–J,22-000,2004,15,10,875,9.7,0,1,1,0,0,0,6,0,0,0.1,0.1,0,0.1,Matches
699,Oscar Salomón,ar ARG,DF,Newell's Old Boys,27-074,1999,8,7,511,5.7,2,0,2,2,0,0,2,0,0.35,0,0.35,0.35,0.35,Matches
700,Eduardo Salvio,ar ARG,MF,Lanús,35-326,1990,16,13,"1,058",11.8,1,3,4,1,0,0,0,0,0.09,0.26,0.34,0.09,0.34,Matches
Rk,Player,Nation,Pos,Squad,Age,Born,MP,Starts,Min,90s,Gls,Ast,G+A,G-PK,PK,PKatt,CrdY,CrdR,Gls,Ast,G+A,G-PK,G+A-PK,Matches
701,Matías Salvo,ar ARG,DF,Ind. Rivadavia,21-205,2004,1,0,7,0.1,0,0,0,0,0,0,0,0,0,0,0,0,0,Matches
702,Facundo Sánchez,ar ARG,MF,Lanús,20-301,2005,4,3,192,2.1,0,0,0,0,0,0,0,0,0,0,0,0,0,Matches
703,Ulises Sánchez,ar ARG,MF,Gimnasia–M,27-343,1998,12,10,745,8.3,0,0,0,0,0,0,3,0,0,0,0,0,0,Matches
704,Agustín Sández,py PAR,"DF,MF",Rosario Central,25-139,2001,12,11,836,9.3,0,1,1,0,0,0,5,0,0,0.11,0.11,0,0.11,Matches
705,Facundo Sanguinetti,ar ARG,GK,Banfield,25-095,2001,16,16,"1,440",16,0,0,0,0,0,0,0,0,0,0,0,0,0,Matches
706,Nicolás Sansotre,ar ARG,"DF,MF",Deportivo Riestra,32-269,1993,13,13,"1,145",12.7,0,0,0,0,0,0,1,0,0,0,0,0,0,Matches
707,Thiago Santamaría,ar ARG,DF,Sarmiento–J,23-061,2003,12,11,840,9.3,0,1,1,0,0,0,3,0,0,0.11,0.11,0,0.11,Matches
708,Michael Santos,uy URU,FW,Vélez Sarsfield,33-083,1993,1,0,5,0.1,0,0,0,0,0,0,0,0,0,0,0,0,0,Matches
709,Michael Santos,uy URU,FW,Cen. Córdoba–SdE,33-083,1993,14,12,"1,085",12.1,4,2,6,3,1,1,1,0,0.33,0.17,0.5,0.25,0.41,Matches
710,Jabes Saralegui,ar ARG,MF,Tigre,23-053,2003,9,7,506,5.6,0,1,1,0,0,0,1,1,0,0.18,0.18,0,0.18,Matches
711,Fabrizio Sartori,ar ARG,"FW,MF",Ind. Rivadavia,23-324,2002,15,14,"1,117",12.4,6,0,6,6,0,0,2,0,0.48,0,0.48,0.48,0.48,Matches
712,Rodrigo Sayavedra,ar ARG,DF,Deportivo Riestra,30-318,1995,5,1,147,1.6,0,0,0,0,0,0,1,0,0,0,0,0,0,Matches
713,Francisco Scarpeccio,ar ARG,FW,Newell's Old Boys,20-133,2006,6,1,208,2.3,1,0,1,1,0,0,0,0,0.43,0,0.43,0.43,0.43,Matches
714,Nicolas Schelotto,ar ARG,MF,Gimnasia–LP,19-255,2006,16,16,"1,160",12.9,3,3,6,3,0,0,5,0,0.23,0.23,0.47,0.23,0.47,Matches
715,Augusto Schott,ar ARG,DF,Talleres–C,26-138,2000,15,15,"1,317",14.6,3,0,3,3,0,0,5,0,0.21,0,0.21,0.21,0.21,Matches
716,Alexis Segovia,ar ARG,MF,Atlé Tucumán,21-354,2004,7,0,102,1.1,0,0,0,0,0,0,0,0,0,0,0,0,0,Matches
717,Santiago Segovia,ar ARG,MF,Rosario Central,19-070,2007,2,1,76,0.8,0,0,0,0,0,0,0,0,0,0,0,0,0,Matches
718,Mateo Seoane,ar ARG,MF,Gimnasia–LP,22-115,2004,4,2,175,1.9,0,0,0,0,0,0,0,0,0,0,0,0,0,Matches
719,Bruno Sepúlveda,ar ARG,FW,Banfield,33-260,1992,10,2,259,2.9,0,1,1,0,0,0,1,0,0,0.35,0.35,0,0.35,Matches
720,Matías Sepúlveda,cl CHI,MF,Lanús,27-084,1999,12,5,442,4.9,0,0,0,0,0,0,3,0,0,0,0,0,0,Matches
721,Leonardo Sequeira,ar ARG,"FW,MF",Huracán,31-039,1995,10,0,115,1.3,0,0,0,0,0,0,0,0,0,0,0,0,0,Matches
722,Luis Sequeira,ar ARG,MF,Ind. Rivadavia,23-147,2003,2,0,53,0.6,0,0,0,0,0,0,0,0,0,0,0,0,0,Matches
723,Tiago Serrago,ar ARG,MF,Tigre,22-119,2004,12,7,600,6.7,1,0,1,1,0,0,0,0,0.15,0,0.15,0.15,0.15,Matches
724,Agustín Seyral,ar ARG,DF,Sarmiento–J,21-124,2005,11,8,720,8,0,0,0,0,0,0,2,0,0,0,0,0,0,Matches
725,Juan Sforza,ar ARG,MF,Talleres–C,24-110,2002,15,10,"1,002",11.1,0,0,0,0,0,0,4,0,0,0,0,0,0,Matches
Rk,Player,Nation,Pos,Squad,Age,Born,MP,Starts,Min,90s,Gls,Ast,G+A,G-PK,PK,PKatt,CrdY,CrdR,Gls,Ast,G+A,G-PK,G+A-PK,Matches
726,Tomás Silva,ar ARG,DF,Platense,23-088,2003,13,13,"1,170",13,0,0,0,0,0,0,2,0,0,0,0,0,0,Matches
727,Pedro Silva Torrejón,ar ARG,DF,Gimnasia–LP,29-130,1997,16,16,"1,374",15.3,0,1,1,0,0,0,0,0,0,0.07,0.07,0,0.07,Matches
728,Thiago Silvero,ar ARG,DF,Vélez Sarsfield,20-047,2006,4,2,196,2.2,0,0,0,0,0,0,1,0,0,0,0,0,0,Matches
729,Valentino Simoni,ar ARG,FW,Gimnasia–M,22-035,2004,14,8,595,6.6,1,0,1,1,0,0,1,0,0.15,0,0.15,0.15,0.15,Matches
730,Mauro Smarra Vargas,ar ARG,FW,Deportivo Riestra,27-035,1999,5,3,268,3,0,0,0,0,0,0,0,0,0,0,0,0,0,Matches
731,Augusto Solari,ar ARG,MF,Unión,34-152,1992,8,1,176,2,0,0,0,0,0,0,0,0,0,0,0,0,0,Matches
732,Santiago Solari,ar ARG,"FW,MF",Racing Club,28-136,1998,15,14,"1,130",12.6,2,3,5,2,0,0,3,0,0.16,0.24,0.4,0.16,0.4,Matches
733,Alan Sosa,ar ARG,"MF,FW",Aldosivi,23-030,2003,10,5,512,5.7,0,0,0,0,0,0,1,1,0,0,0,0,0,Matches
734,Diego Sosa,ar ARG,"MF,DF",Instituto,28-311,1997,16,16,"1,369",15.2,1,2,3,1,0,0,1,0,0.07,0.13,0.2,0.07,0.2,Matches
735,Gonzalo Sosa,ar ARG,FW,Racing Club,21-091,2005,3,1,96,1.1,0,0,0,0,0,0,0,0,0,0,0,0,0,Matches
736,José Sosa,ar ARG,MF,Estudiantes–LP,40-350,1985,5,4,218,2.4,0,1,1,0,0,0,1,0,0,0.41,0.41,0,0.41,Matches
737,Santiago Sosa,ar ARG,"MF,DF",Racing Club,27-032,1999,16,16,"1,412",15.7,0,1,1,0,0,0,5,0,0,0.06,0.06,0,0.06,Matches
738,Santiago Sosa,ar ARG,MF,Defensa y Justicia,21-125,2005,15,15,"1,285",14.3,0,0,0,0,0,0,2,1,0,0,0,0,0,Matches
739,David Sotelo,ar ARG,MF,Newell's Old Boys,22-309,2003,9,2,267,3,0,0,0,0,0,0,0,0,0,0,0,0,0,Matches
740,Alexis Soto,ar ARG,DF,Rosario Central,32-227,1993,14,8,787,8.7,1,0,1,1,0,0,1,0,0.11,0,0.11,0.11,0.11,Matches
741,Guillermo Soto,cl CHI,DF,Tigre,32-145,1994,5,3,298,3.3,0,0,0,0,0,0,0,0,0,0,0,0,0,Matches
742,Lucas Souto,ar ARG,"DF,MF",Defensa y Justicia,27-236,1998,15,15,"1,305",14.5,1,0,1,1,0,0,0,0,0.07,0,0.07,0.07,0.07,Matches
743,Adrián Sporle,ar ARG,DF,Belgrano,30-326,1995,12,8,733,8.1,0,0,0,0,0,0,2,0,0,0,0,0,0,Matches
744,Alexis Steimbach,ar ARG,DF,Gimnasia–LP,23-314,2002,15,15,"1,337",14.9,0,3,3,0,0,0,7,0,0,0.2,0.2,0,0.2,Matches
745,Ángel Stringa,ar ARG,FW,Deportivo Riestra,30-059,1996,2,0,37,0.4,0,0,0,0,0,0,1,0,0,0,0,0,0,Matches
746,Sheyko Studer,ar ARG,DF,Ind. Rivadavia,23-204,2002,13,13,"1,170",13,2,0,2,2,0,0,3,0,0.15,0,0.15,0.15,0.15,Matches
747,Lucas Suárez,ar ARG,DF,Sarmiento–J,31-079,1995,11,8,640,7.1,0,0,0,0,0,0,1,0,0,0,0,0,0,Matches
748,Ian Subiabre,ar ARG,MF,River Plate,19-154,2007,16,9,753,8.4,1,2,3,1,0,0,2,0,0.12,0.24,0.36,0.12,0.36,Matches
749,Tomás Sultani,ar ARG,GK,Tigre,27-347,1998,1,1,90,1,0,0,0,0,0,0,0,0,0,0,0,0,0,Matches
750,Gastón Suso,ar ARG,DF,Atlé Tucumán,35-084,1991,16,16,"1,417",15.7,0,0,0,0,0,0,2,0,0,0,0,0,0,Matches
Rk,Player,Nation,Pos,Squad,Age,Born,MP,Starts,Min,90s,Gls,Ast,G+A,G-PK,PK,PKatt,CrdY,CrdR,Gls,Ast,G+A,G-PK,G+A-PK,Matches
751,Enzo Taborda,ar ARG,FW,Barracas Central,21-015,2005,6,1,174,1.9,0,0,0,0,0,0,0,0,0,0,0,0,0,Matches
752,Nicolás Talpone,ar ARG,"MF,FW",Estudiantes–RC,30-056,1996,14,9,788,8.8,0,0,0,0,0,0,1,0,0,0,0,0,0,Matches
753,Iván Tapia,ar ARG,MF,Barracas Central,27-193,1998,16,16,"1,170",13,1,1,2,1,0,0,0,0,0.08,0.08,0.15,0.08,0.15,Matches
754,Cristian Tarragona,ar ARG,FW,Unión,35-056,1991,16,16,"1,379",15.3,7,0,7,6,1,1,4,0,0.46,0,0.46,0.39,0.39,Matches
755,Diego Tarzia,ar ARG,MF,Independiente,23-039,2003,1,0,24,0.3,0,0,0,0,0,0,0,0,0,0,0,0,0,Matches
756,Felipe Tempone,ar ARG,FW,Independiente,20-121,2006,4,0,34,0.4,0,1,1,0,0,0,0,0,0,2.65,2.65,0,2.65,Matches
757,Renzo Tesuri,ar ARG,MF,Atlé Tucumán,29-362,1996,16,16,"1,230",13.7,2,1,3,2,0,0,3,0,0.15,0.07,0.22,0.15,0.22,Matches
758,Mauricio Tévez,ar ARG,FW,Estudiantes–RC,29-308,1996,2,0,38,0.4,0,0,0,0,0,0,0,0,0,0,0,0,0,Matches
759,Horacio Tijanovich,ar ARG,"MF,FW",Cen. Córdoba–SdE,30-096,1996,13,6,583,6.5,0,2,2,0,0,0,3,0,0,0.31,0.31,0,0.31,Matches
760,Matías Tissera,ar ARG,FW,Instituto,29-271,1996,6,0,148,1.6,1,0,1,1,0,0,0,0,0.61,0,0.61,0.61,0.61,Matches
761,Fernando Tobio,ar ARG,DF,Barracas Central,36-229,1989,14,14,"1,251",13.9,2,0,2,2,0,0,0,0,0.14,0,0.14,0.14,0.14,Matches
762,Santiago Toloza,ar ARG,MF,Defensa y Justicia,23-219,2002,1,0,45,0.5,0,0,0,0,0,0,0,0,0,0,0,0,0,Matches
763,Franco Torres,ar ARG,MF,Gimnasia–LP,27-010,1999,16,5,592,6.6,2,0,2,2,0,0,4,0,0.3,0,0.3,0.3,0.3,Matches
764,Marcelo Torres,ar ARG,FW,Gimnasia–LP,28-210,1997,16,16,"1,244",13.8,7,1,8,5,2,2,0,0,0.51,0.07,0.58,0.36,0.43,Matches
765,Nicolás Tripichio,ar ARG,MF,San Lorenzo,30-150,1996,15,15,"1,288",14.3,0,0,0,0,0,0,5,0,0,0,0,0,0,Matches
766,Manuel Tucker,ar ARG,FW,Platense,21-216,2004,4,0,61,0.7,0,0,0,0,0,0,0,0,0,0,0,0,0,Matches
767,Ramiro Tulián,ar ARG,MF,Belgrano,18-136,2008,3,0,41,0.5,1,0,1,1,0,0,0,0,2.2,0,2.2,2.2,2.2,Matches
768,Diego Valdés,cl CHI,MF,Vélez Sarsfield,32-125,1994,13,8,677,7.5,0,5,5,0,0,0,0,0,0,0.66,0.66,0,0.66,Matches
769,Facundo Valdéz,ar ARG,MF,Independiente,20-055,2006,6,1,132,1.5,0,0,0,0,0,0,0,0,0,0,0,0,0,Matches
770,Sebastián Valdez,ar ARG,DF,Independiente,30-210,1995,13,12,"1,082",12,0,0,0,0,0,0,4,1,0,0,0,0,0,Matches
771,Matías Valenti,ar ARG,DF,Estudiantes–RC,23-274,2002,12,11,906,10.1,0,0,0,0,0,0,4,0,0,0,0,0,0,Matches
772,Milton Valenzuela,ar ARG,DF,Independiente,27-295,1998,6,3,303,3.4,0,0,0,0,0,0,2,0,0,0,0,0,0,Matches
773,Mauro Valiente,ar ARG,"MF,FW",Estudiantes–RC,26-129,2000,11,6,584,6.5,1,0,1,1,0,0,2,0,0.15,0,0.15,0.15,0.15,Matches
774,Luciano Vallejo,ar ARG,DF,Atlé Tucumán,22-006,2004,6,4,338,3.8,0,0,0,0,0,0,3,1,0,0,0,0,0,Matches
775,Javier Vallejos,ar ARG,GK,Cen. Córdoba–SdE,23-152,2003,1,0,66,0.7,0,0,0,0,0,0,0,0,0,0,0,0,0,Matches
Rk,Player,Nation,Pos,Squad,Age,Born,MP,Starts,Min,90s,Gls,Ast,G+A,G-PK,PK,PKatt,CrdY,CrdR,Gls,Ast,G+A,G-PK,G+A-PK,Matches
776,Yoshan Valois,co COL,FW,Lanús,21-243,2004,8,4,369,4.1,1,0,1,1,0,0,0,0,0.24,0,0.24,0.24,0.24,Matches
777,Diego Valoyes,co COL,MF,Talleres–C,29-255,1996,8,3,278,3.1,0,1,1,0,0,0,0,0,0,0.32,0.32,0,0.32,Matches
778,Lucas Varaldo,ar ARG,FW,Cen. Córdoba–SdE,24-100,2002,11,4,310,3.4,0,0,0,0,0,0,1,0,0,0,0,0,0,Matches
779,Lautaro Vargas,ar ARG,DF,Unión,21-123,2005,15,15,"1,298",14.4,0,2,2,0,0,0,8,0,0,0.14,0.14,0,0.14,Matches
780,Franco Vázquez,ar ARG,MF,Belgrano,37-102,1989,15,13,"1,105",12.3,2,0,2,2,0,0,3,0,0.16,0,0.16,0.16,0.16,Matches
781,Ignacio Vázquez,ar ARG,DF,Platense,28-354,1997,11,11,990,11,1,0,1,0,1,1,2,0,0.09,0,0.09,0,0,Matches
782,Kevin Vázquez,ar ARG,MF,Ind. Rivadavia,25-077,2001,3,1,93,1,0,0,0,0,0,0,0,0,0,0,0,0,0,Matches
783,César Vega,ar ARG,MF,Atlé Tucumán,22-147,2004,5,3,264,2.9,0,0,0,0,0,0,2,0,0,0,0,0,0,Matches
784,Alan Velasco,ar ARG,"MF,FW",Boca Juniors,23-312,2002,6,4,338,3.8,2,1,3,2,0,0,0,0,0.53,0.27,0.8,0.53,0.8,Matches
785,Juan Velazquez,ar ARG,MF,Belgrano,21-197,2004,7,5,367,4.1,0,0,0,0,0,0,1,0,0,0,0,0,0,Matches
786,Alejo Véliz,ar ARG,FW,Rosario Central,22-258,2003,14,12,"1,008",11.2,4,0,4,4,0,1,0,0,0.36,0,0.36,0.36,0.36,Matches
787,Fausto Vera,ar ARG,MF,River Plate,26-070,2000,12,12,992,11,0,0,0,0,0,0,2,1,0,0,0,0,0,Matches
788,Federico Vera,ar ARG,DF,Huracán,28-072,1998,6,5,450,5,0,0,0,0,0,0,1,0,0,0,0,0,0,Matches
789,Matías Vera,ar ARG,MF,Cen. Córdoba–SdE,30-221,1995,15,14,"1,192",13.2,0,1,1,0,0,0,4,0,0,0.08,0.08,0,0.08,Matches
790,Duván Vergara,co COL,"FW,MF",Racing Club,29-268,1996,12,5,439,4.9,2,0,2,2,0,0,2,0,0.41,0,0.41,0.41,0.41,Matches
791,Álex Verón,ar ARG,MF,Vélez Sarsfield,17-223,2008,6,1,158,1.8,0,0,0,0,0,0,0,0,0,0,0,0,0,Matches
792,Elías Verón,ar ARG,DF,Rosario Central,19-089,2007,1,1,90,1,0,0,0,0,0,0,0,0,0,0,0,0,0,Matches
793,Luciano Vietto,ar ARG,"MF,FW",San Lorenzo,32-181,1993,11,4,483,5.4,2,0,2,2,0,0,3,0,0.37,0,0.37,0.37,0.37,Matches
794,Alex Vigo,ar ARG,DF,Talleres–C,27-037,1999,8,4,369,4.1,0,0,0,0,0,0,3,0,0,0,0,0,0,Matches
795,Maximiliano Villa,uy URU,DF,Atlé Tucumán,29-093,1997,12,11,999,11.1,1,1,2,1,0,0,3,0,0.09,0.09,0.18,0.09,0.18,Matches
796,Sebastián Villa,co COL,"FW,MF",Ind. Rivadavia,30-016,1996,13,11,"1,041",11.6,0,5,5,0,0,0,2,0,0,0.43,0.43,0,0.43,Matches
797,Carlos Villalba,ar ARG,MF,Sarmiento–J,27-320,1998,11,8,527,5.9,1,0,1,1,0,0,4,0,0.17,0,0.17,0.17,0.17,Matches
798,Iván Villalba,py PAR,DF,Ind. Rivadavia,31-136,1995,14,11,"1,031",11.5,0,0,0,0,0,0,4,0,0,0,0,0,0,Matches
799,Juan Villalba,ar ARG,DF,Tigre,20-081,2006,1,1,90,1,0,0,0,0,0,0,1,0,0,0,0,0,0,Matches
800,Alejandro Villareal,co COL,"FW,MF",Aldosivi,20-311,2005,9,3,239,2.7,0,0,0,0,0,0,1,0,0,0,0,0,0,Matches
Rk,Player,Nation,Pos,Squad,Age,Born,MP,Starts,Min,90s,Gls,Ast,G+A,G-PK,PK,PKatt,CrdY,CrdR,Gls,Ast,G+A,G-PK,G+A-PK,Matches
801,Santiago Villarreal,ar ARG,MF,Gimnasia–LP,20-196,2005,2,0,52,0.6,0,0,0,0,0,0,0,0,0,0,0,0,0,Matches
802,Lautaro Villegas,ar ARG,MF,Banfield,22-156,2003,14,9,729,8.1,0,0,0,0,0,0,3,0,0,0,0,0,0,Matches
803,Matías Viña,uy URU,"DF,MF",River Plate,28-207,1997,8,5,402,4.5,0,0,0,0,0,0,6,1,0,0,0,0,0,Matches
804,Sergio Vittor,ar ARG,DF,Banfield,36-360,1989,13,13,"1,008",11.2,0,0,0,0,0,0,3,0,0,0,0,0,0,Matches
805,Emiliano Viveros,ar ARG,"FW,MF",Arg Juniors,23-247,2002,11,9,624,6.9,1,1,2,1,0,0,1,0,0.14,0.14,0.29,0.14,0.29,Matches
806,Facundo Waller,uy URU,MF,Huracán,29-056,1997,15,12,"1,116",12.4,1,0,1,1,0,0,4,0,0.08,0,0.08,0.08,0.08,Matches
807,Franco Watson,ar ARG,"MF,FW",Lanús,26-154,2000,10,6,432,4.8,0,0,0,0,0,0,1,0,0,0,0,0,0,Matches
808,Nicólas Watson,ar ARG,"MF,DF",Deportivo Riestra,28-013,1998,12,8,736,8.2,0,0,0,0,0,0,2,0,0,0,0,0,0,Matches
809,Marcelo Weigandt,ar ARG,DF,Boca Juniors,26-144,2000,10,7,730,8.1,0,0,0,0,0,0,0,0,0,0,0,0,0,Matches
810,Axel Werner,ar ARG,GK,Aldosivi,30-096,1996,15,15,"1,350",15,0,0,0,0,0,0,3,0,0,0,0,0,0,Matches
811,Cristian Zabala,ar ARG,MF,Sarmiento–J,28-092,1998,16,15,"1,359",15.1,1,0,1,1,0,0,4,0,0.07,0,0.07,0.07,0.07,Matches
812,Facundo Zabala,ar ARG,DF,Independiente,27-153,1999,14,13,"1,137",12.6,0,1,1,0,0,0,5,0,0,0.08,0.08,0,0.08,Matches
813,David Zalazar,ar ARG,MF,Banfield,24-026,2002,12,8,737,8.2,1,2,3,1,0,0,2,0,0.12,0.24,0.37,0.12,0.37,Matches
814,Maximiliano Zalazar,ar ARG,MF,Gimnasia–LP,25-088,2001,6,0,182,2,0,0,0,0,0,0,2,0,0,0,0,0,0,Matches
815,Nicolás Zalazar,ar ARG,DF,Aldosivi,29-126,1997,14,14,"1,242",13.8,0,1,1,0,0,0,2,1,0,0.07,0.07,0,0.07,Matches
816,Franco Zapiola,ar ARG,MF,Platense,25-105,2001,16,13,"1,044",11.6,2,0,2,2,0,0,3,0,0.17,0,0.17,0.17,0.17,Matches
817,Federico Zaracho,ar ARG,"MF,FW",Racing Club,28-086,1998,14,5,535,5.9,2,0,2,2,0,0,2,0,0.34,0,0.34,0.34,0.34,Matches
818,Exequiel Zeballos,ar ARG,"FW,MF",Boca Juniors,24-041,2002,7,5,457,5.1,1,3,4,1,0,0,0,0,0.2,0.59,0.79,0.2,0.79,Matches
819,Gonzalo Zelarayán,ar ARG,FW,Belgrano,22-037,2004,2,0,16,0.2,0,0,0,0,0,0,0,0,0,0,0,0,0,Matches
820,Lucas Zelarayán,am ARM,"MF,FW",Belgrano,33-349,1992,14,13,"1,135",12.6,4,1,5,4,0,0,2,0,0.32,0.08,0.4,0.32,0.4,Matches
821,Felipe Zenobio,ar ARG,GK,Tigre,26-013,2000,15,15,"1,350",15,0,0,0,0,0,0,0,0,0,0,0,0,0,Matches
822,Kevin Zenon,ar ARG,FW,Boca Juniors,24-309,2001,4,2,216,2.4,0,0,0,0,0,0,0,0,0,0,0,0,0,Matches
823,Bruno Zuculini,ar ARG,MF,Racing Club,33-063,1993,14,6,571,6.3,0,1,1,0,0,0,1,0,0,0.16,0.16,0,0.16,Matches
824,Iker Zufiaurre,ar ARG,FW,Boca Juniors,20-301,2005,9,2,218,2.4,1,0,1,1,0,0,1,0,0.41,0,0.41,0.41,0.41,Matches
