player,club,games_played,games_started,minutes,substitutions,goals,pass_pct,assists,conversion_pct,shots_on_target,key_passes,xg,fouls_committed,fouls_suffered,offsides,yellow_cards,red_cards
H. Cuypers,CHI,11,11,989,0,13,71,2,47,24,10,11.35,15,16,5,1,0
L. Messi,MIA,14,14,1243,0,12,81,8,85,36,43,8.64,12,24,10,2,0
P. Musa,DAL,13,12,1044,1,12,66,2,49,22,16,10.05,21,5,13,1,0
M. Ojeda,ORL,15,15,1315,0,11,79,1,52,25,31,7.69,4,16,6,1,0
P. Judd,SJ,15,14,1190,1,11,57,2,52,27,6,10.23,19,22,3,4,0
M. Ingvartsen,SD,15,13,1114,2,11,78,4,39,16,13,7.78,18,14,8,1,0
N. Fernández,NYC,15,15,1328,0,10,81,4,45,27,22,5.93,32,45,10,4,0
B. White,VAN,14,14,1202,0,10,74,2,51,25,13,10.95,15,4,9,1,0
E. Da Silva Ferreira,CIN,14,13,1109,1,9,84,6,51,26,41,6.42,16,21,1,2,0
K. Denkey,CIN,14,13,1170,1,9,79,4,34,15,15,9.33,19,26,10,3,0
S. Surridge,NSH,8,4,458,4,9,69,0,19,15,2,5.56,4,5,4,0,0
J. Hall,RBNY,15,15,1285,0,9,81,4,29,16,13,8.83,13,13,4,0,0
P. Owusu,MTL,14,13,1091,1,9,67,5,30,16,18,6.85,38,19,18,5,0
T. Baribo,DC,12,11,924,1,8,80,0,25,10,5,6.2,19,13,4,1,0
K. Yeboah,MIN,14,14,1198,0,8,71,0,33,14,8,8.35,11,26,5,2,0
R. Navarro,COL,15,15,1344,0,8,80,4,44,22,17,8.19,31,40,1,3,0
G. Santos,HOU,14,13,1164,1,8,84,5,40,19,31,3.46,11,44,3,2,0
J. Ruvalcaba,RBNY,15,14,1143,1,7,84,0,39,16,14,4.86,10,5,7,4,0
G. Berterame,MIA,15,12,1134,3,7,80,4,32,16,17,7.36,25,13,1,1,0
P. Biel,CLT,15,15,1315,0,7,83,6,37,14,26,4.91,11,12,3,2,0
M. Iloski,PHI,15,15,1208,0,7,71,1,53,19,26,5.99,16,17,4,1,0
H. Mukhtar,NSH,14,11,1091,3,6,86,5,40,19,19,4.36,12,21,3,2,0
S. Solans,RSL,14,10,874,4,6,70,3,32,15,14,5.64,17,15,4,0,0
L. Farrington,DAL,14,9,784,5,6,73,4,26,12,8,4.02,20,21,4,3,0
S. Berhalter,VAN,14,13,1125,1,6,84,7,33,9,37,3.34,32,21,0,3,0
D. Rossi,CLB,15,14,1263,1,6,85,2,39,13,16,4.76,5,23,3,0,0
Z. Gozo,RSL,14,14,1237,0,6,79,5,47,18,23,4.71,20,14,7,4,0
D. Bouanga,LAFC,14,14,1200,0,6,82,5,49,21,24,6.65,30,14,5,5,0
L. Suárez,MIA,11,7,613,4,6,79,5,22,12,13,5.35,6,12,7,1,0
A. Dreyer,SD,15,14,1284,1,6,82,9,49,25,44,7.07,1,9,10,0,0
D. Joveljić,SKC,14,14,1241,0,6,78,2,22,15,12,2.72,19,17,7,0,0
M. Uzuni,ATX,13,13,1132,0,5,86,4,35,14,7,4.62,11,16,2,2,0
C. Gil,NE,14,14,1253,0,5,87,4,23,12,37,4.24,7,36,2,2,0
W. Abou Ali,CLB,7,7,567,0,5,73,1,20,9,5,4.4,8,12,5,1,0
K. Kelsy,POR,14,9,738,5,5,80,3,24,11,13,5.27,14,11,7,1,0
J. Klauss,LA,8,7,550,1,5,73,0,21,13,6,3.53,9,8,2,0,0
A. Miranchuk,ATL,13,11,1010,2,5,82,2,28,10,24,4.33,6,8,3,0,0
T. Barlow,CIN,15,5,551,10,5,77,0,12,8,4,3.65,10,5,2,2,0
G. Pec,LA,14,14,1215,0,5,88,5,58,28,22,5.97,15,28,5,4,0
W. Madrigal,NSH,14,10,808,4,5,82,4,25,8,10,3.08,16,25,2,0,0
D. Martínez,LAFC,14,10,809,4,5,82,2,24,11,14,2.33,16,14,1,2,0
I. Toklomati,CLT,15,14,1167,1,5,84,1,18,9,13,5.42,12,19,1,1,0
P. Zinckernagel,CHI,14,14,1142,0,5,75,7,48,15,26,5.59,27,32,1,4,0
O. Bouda,SJ,15,13,1184,2,5,79,3,24,11,13,4.21,15,32,7,1,0
H. Wolf,NYC,14,12,1019,2,5,84,2,22,10,13,2.95,20,17,4,2,0
L. Munteanu,DC,11,6,642,5,5,73,1,32,12,6,3.81,15,15,3,1,0
W. Carmona,MTL,12,10,797,2,4,80,4,23,9,28,2.13,12,16,0,2,0
P. Rothrock,SEA,12,9,912,3,4,80,1,17,8,14,1.48,16,24,7,1,0
D. Luna,RSL,9,6,608,3,4,81,3,16,6,30,2.13,8,6,1,3,0
C. Ramírez,ATX,14,8,686,6,4,70,1,14,8,7,2.76,5,5,1,0,0
T. Müller,VAN,12,9,842,3,4,78,4,21,11,26,3.82,2,11,3,0,0
M. Arfsten,CLB,15,15,1287,0,4,80,4,19,8,23,4.25,14,17,7,2,0
R. De Paul,MIA,13,13,1170,0,4,87,7,23,10,33,2.33,9,28,0,4,0
A. Markanich,MIN,15,14,1192,1,4,73,2,17,7,17,3.32,14,18,4,2,0
T. Werner,SJ,7,4,455,3,4,74,5,15,9,14,2.92,2,6,0,1,0
M. Reus,LA,15,12,1020,3,4,84,5,19,8,39,4.75,6,13,3,0,0
P. Aaronson,COL,15,13,1169,2,4,80,4,27,12,26,3.1,23,19,2,1,0
D. Sallói,TOR,14,13,1199,1,4,75,5,28,14,14,3.54,10,17,1,1,0
K. Velde,POR,14,14,1227,0,4,75,3,34,12,30,2.49,17,45,7,3,0
K. Mboma Dem,CIN,12,8,651,4,4,84,1,18,6,7,2.33,3,3,1,0,0
M. Laborda,VAN,13,12,1101,1,3,90,4,14,6,5,2.53,19,4,1,1,0
C. Roldan,SEA,12,10,954,2,3,90,2,19,5,7,2.01,8,10,0,1,0
O. Valakari,SD,15,15,1262,0,3,88,5,18,8,14,2.83,10,33,0,0,0
D. Munie,SJ,14,14,1260,0,3,88,2,8,4,4,1.97,6,5,0,2,0
L. Ennali,HOU,14,12,1085,2,3,86,2,9,5,13,1.23,8,19,2,2,0
P. Miller,NE,12,6,714,6,3,81,0,21,7,6,3.44,7,7,3,1,0
J. Sargent,TOR,8,7,556,1,3,74,1,22,10,6,4.28,5,9,3,0,0
L. Langoni,NE,12,10,816,2,3,80,6,18,9,16,1.73,8,6,5,1,0
E. Aristizábal,TOR,13,5,447,8,3,80,0,17,7,4,2,7,4,0,1,0
D. Vazquez,SD,14,9,741,5,3,84,1,14,4,8,1.57,21,4,1,3,0
D. Yapi,COL,15,9,792,6,3,78,2,18,8,12,3.06,14,11,5,2,0
R. Lod,CHI,13,10,860,3,3,74,2,12,4,16,3.29,18,9,3,1,0
A. Ojeda,NYC,15,15,1207,0,3,84,4,20,8,17,2.69,10,8,12,1,0
C. Espinoza,NSH,14,11,994,3,3,78,8,16,8,30,1.71,9,6,4,1,0
M. Haile-Selassie,CHI,14,11,1048,3,3,87,5,22,11,17,3.34,6,7,6,1,0
J. Paintsil,LA,11,10,852,1,3,84,4,20,11,10,3.15,9,25,9,1,0
M. Silvetti,MIA,10,7,620,3,3,75,4,20,11,11,1.91,8,9,2,1,0
A. Goodwin,CLT,13,1,172,12,3,75,0,8,6,0,2.27,4,1,1,1,0
S. Sarver,DAL,10,1,208,9,3,61,0,6,3,1,1.44,5,8,2,4,0
W. Zaha,CLT,13,13,1162,0,3,87,4,27,14,19,3.36,23,45,1,7,0
A. Rusnák,SEA,12,8,834,4,3,88,4,22,9,27,3.37,3,3,1,0,0
M. Hartel,STL,12,12,1079,0,3,80,2,42,18,30,3.67,5,7,2,0,0
M. Bogusz,HOU,14,13,1186,1,2,83,1,41,16,15,2.58,10,20,5,2,0
T. Spicer,ORL,11,4,439,7,2,64,1,16,7,8,1.45,3,5,4,1,0
A. Pellegrino,SD,11,8,677,3,2,81,3,14,5,12,2.44,6,4,3,0,1
K. Franklin,TOR,11,9,768,2,2,85,2,8,5,4,0.77,11,7,0,0,0
B. Acosta,NSH,7,6,469,1,2,92,1,4,2,4,0.3,8,3,0,2,0
B. Caicedo,VAN,8,2,302,6,2,76,2,23,7,4,2.99,5,5,0,2,0
K. Vargas,CLT,15,10,823,5,2,88,3,17,7,9,1.67,5,21,7,0,0
P. Delgado,DAL,12,6,488,6,2,82,0,14,5,5,1.16,5,5,1,2,0
J. Nelson,ATX,10,6,455,4,2,76,0,7,2,5,0.98,10,12,0,2,0
M. Longstaff,MTL,14,13,1144,1,2,86,3,17,4,18,1.61,12,15,2,4,0
G. Dorsey,ORL,12,11,957,1,2,75,1,13,5,9,2.05,9,9,0,1,0
C. Bassett,POR,10,10,835,0,2,91,3,15,7,11,2.23,10,11,0,1,0
A. Yusuf,NE,14,11,1072,3,2,91,0,10,3,9,1.12,21,14,0,1,0
E. Latte Lath,ATL,13,10,901,3,2,84,2,23,5,5,3.08,7,7,10,2,0
D. Jean Jacques,PHI,14,13,1151,1,2,82,0,13,2,8,1.17,16,10,0,5,0
N. Tsakiris,SJ,11,10,908,1,2,83,7,20,6,38,3.7,12,13,0,2,0
T. Segovia,MIA,14,13,1132,1,2,93,8,18,3,18,2.55,25,6,0,7,0
O. De Rosario,SEA,11,4,359,7,2,71,1,9,3,4,0.93,6,8,0,0,0
W. Frederick,COL,13,10,928,3,2,87,5,8,2,4,1.06,9,18,1,1,1
R. Laryea,TOR,9,9,810,0,2,83,2,3,3,4,0.44,18,42,2,2,0
S. Lobjanidze,ATL,13,8,633,5,2,73,1,25,11,12,2.73,3,1,4,0,0
M. Agyemang,CLT,14,13,1215,1,2,93,0,9,3,1,1.09,14,10,0,2,0
J. Skahan,SJ,13,6,470,7,2,73,3,9,5,8,2.38,6,1,3,1,0
K. Thompson,COL,8,7,568,1,2,90,1,2,2,4,0.22,11,10,0,2,0
J. McGlynn,HOU,10,9,750,1,2,85,4,11,7,26,0.4,3,5,1,2,0
D. McGuire,ORL,11,4,479,7,2,76,1,11,7,8,2.28,6,5,3,1,0
D. Ríos,MTL,11,1,280,10,2,82,1,12,7,2,1.46,5,8,4,3,0
J. Hopkins,DC,15,13,1090,2,2,77,1,19,12,15,1.79,18,13,3,2,0
N. Ordaz,LAFC,9,6,501,3,2,85,1,9,3,3,1.66,8,4,1,0,0
E. Choupo-Moting,RBNY,10,1,174,9,2,81,0,4,3,2,1.06,3,3,3,0,0
C. Sabaly,VAN,10,7,467,3,2,83,1,12,4,11,2.17,12,3,0,1,0
M. Pašalić,ORL,10,8,644,2,2,82,1,12,4,4,0.93,8,7,0,3,0
C. Durkin,STL,13,13,1132,0,2,87,1,11,5,7,1.37,29,18,0,6,0
D. Turgeman,NE,14,14,1176,0,2,82,3,31,10,9,2.64,3,27,7,1,0
J. Fortune,ATL,9,4,445,5,2,86,0,10,5,7,0.64,5,6,1,0,0
P. Bucha,CIN,14,14,1213,0,2,85,6,11,4,11,1.25,7,10,0,1,0
T. Magno,NYC,10,0,161,10,2,72,1,11,6,1,2.17,7,6,4,0,0
A. Alves Santos,POR,13,11,937,2,2,87,1,24,5,12,2.43,10,20,6,0,0
E. Sabbi,VAN,11,7,609,4,2,78,2,21,9,11,3.48,16,11,0,2,0
S. Moreno,DAL,10,6,508,4,2,79,1,9,7,14,1.6,5,5,1,1,0
L. Bartlett,DC,15,15,1347,0,2,69,0,13,4,6,2.32,25,13,2,4,0
J. Ferreira,SEA,13,11,866,2,2,79,5,21,8,29,2.51,9,5,3,1,0
J. Bamba,CHI,9,8,660,1,2,81,2,17,7,10,2.13,8,11,3,2,0
M. Choinière,LAFC,15,8,754,7,2,92,2,10,3,9,0.47,9,6,0,0,0
C. Harris,SKC,14,12,1011,2,2,79,4,28,11,9,2.97,12,28,3,1,0
J. Bell,ATX,14,7,722,7,2,84,0,7,3,4,0.59,4,1,1,1,0
B. Leroux,SJ,14,13,1083,1,2,81,5,23,7,15,2.78,14,21,0,2,0
L. Sanabria,LA,15,10,880,5,2,86,1,12,3,6,1.22,12,14,1,4,0
A. Hezarkhani,RSL,13,8,560,5,2,75,0,12,6,7,0.73,8,14,0,1,0
B. Ceballos,NE,8,8,633,0,2,87,0,3,2,4,0.94,13,10,0,3,0
H. Picard,CLB,15,8,751,7,2,84,2,20,8,10,2.56,6,7,3,0,0
D. Etienne Jr.,TOR,11,6,645,5,2,76,1,10,8,7,1.24,8,9,7,0,0
B. Zamblé,SD,7,1,132,6,2,76,0,3,2,0,0.36,0,7,0,0,0
A. Lassiter,POR,9,1,178,8,2,79,1,6,4,2,0.7,2,4,2,1,0
K. Parks,NYC,14,10,826,4,2,84,0,9,3,8,1.4,20,10,2,3,0
J. Peglow,DC,15,15,1292,0,1,78,3,25,6,26,1.99,27,10,1,4,0
K. Ferreira,DAL,15,12,1114,3,1,82,2,12,3,10,1.29,15,22,3,2,0
C. Cowell,RBNY,13,13,887,0,1,75,5,27,11,20,2.81,10,9,2,1,0
H. Ojediran,COL,13,13,953,0,1,93,1,12,3,3,0.36,26,14,0,6,0
J. Bueno,PHI,9,6,467,3,1,82,1,9,5,3,0.69,8,13,0,2,0
S. Reguilón,MIA,6,5,358,1,1,77,0,3,1,6,0.3,7,4,1,1,0
M. Guilavogui,RSL,12,9,826,3,1,85,5,30,13,15,3.7,17,18,0,4,0
E. Izoita,POR,1,1,90,0,1,71,0,1,1,0,0.03,2,0,0,0,0
P. Soma,SD,9,4,399,5,1,94,2,3,1,3,0.1,10,3,0,2,0
N. Fernandez,SJ,11,3,312,8,1,76,3,9,2,6,0.93,5,7,0,0,0
V. Loturi,MTL,14,13,1142,1,1,86,1,6,1,7,0.38,17,20,0,3,0
T. Chancalay,MIN,15,13,1119,2,1,82,4,33,10,20,2.25,22,16,1,3,0
B. Damiani,PHI,15,13,1114,2,1,69,0,30,5,10,3.56,23,26,2,2,0
T. Baumgartl,STL,14,14,1260,0,1,93,0,2,1,0,0.29,9,6,1,2,0
M. Peltola,DC,15,15,1321,0,1,80,1,13,2,14,0.6,17,26,0,1,0
R. Priso,VAN,6,5,466,1,1,94,0,1,1,4,0.86,6,3,0,0,0
F. Mora,POR,10,4,359,6,1,85,0,6,3,3,1.52,1,9,4,1,0
B. McSorley,STL,12,0,173,12,1,78,0,9,5,3,0.92,5,5,0,2,0
C. Capemba,SKC,8,7,528,1,1,77,0,11,5,4,1.36,16,8,3,2,0
M. García,SKC,14,11,1001,3,1,79,4,6,2,26,0.29,12,29,1,2,0
A. Jackson,VAN,10,7,529,3,1,83,1,17,9,3,0.93,5,12,2,0,0
D. Gazdag,CLB,11,7,553,4,1,88,1,9,2,3,1.26,3,16,5,0,0
J. Palacios,NSH,11,11,979,0,1,94,3,9,2,2,1.19,5,15,3,2,0
K. Kossa-Rienzi,SEA,11,8,815,3,1,85,1,8,4,10,0.75,6,9,2,0,0
M. Delgado,LAFC,14,11,1008,3,1,91,2,8,2,16,0.31,8,10,1,1,0
T. Muyumba,ATL,14,11,1015,3,1,92,0,8,1,12,0.51,16,3,0,3,0
D. Schnegg,CLT,9,5,519,4,1,80,4,3,2,7,0.12,9,3,1,3,0
O. Urhoghide,DAL,12,12,1079,0,1,86,2,8,3,3,1.33,15,15,1,4,0
F. Andrade,HOU,11,11,981,0,1,88,1,9,2,2,0.81,17,6,0,6,0
S. Spierings,RSL,11,9,758,2,1,93,2,8,4,8,0.48,17,7,0,1,0
E. Thommy,LA,9,5,426,4,1,82,1,17,6,7,1.11,3,13,1,1,0
K. Rosenberry,COL,11,2,411,9,1,83,0,4,2,6,0.32,5,2,0,0,0
K. Rowles,DC,14,14,1260,0,1,78,1,7,3,6,1.78,8,5,0,1,0
A. Gutman,CHI,10,9,788,1,1,75,2,10,2,10,0.87,11,5,1,3,0
A. Mohammed,NSH,4,1,73,3,1,80,0,2,2,0,0.8,4,1,0,0,0
D. Musovski,SEA,12,7,556,5,1,81,1,16,10,5,3.71,7,3,6,1,0
D. Da Costa,POR,11,11,896,0,1,90,4,10,3,16,0.8,6,9,2,1,0
G. Yow,NE,13,8,663,5,1,80,0,13,5,7,1.23,12,9,4,3,0
L. Deedson,DAL,7,3,253,4,1,69,0,7,1,3,0.59,4,1,1,0,0
J. Morris,SEA,10,6,541,4,1,80,2,13,7,10,2.34,2,5,3,0,0
J. Stroud,DC,9,4,347,5,1,68,1,8,6,6,0.41,12,8,1,2,0
F. Picault,ATL,7,1,185,6,1,73,1,3,1,4,0.45,2,4,1,0,0
N. Hagglund,CIN,13,9,858,4,1,85,1,10,3,1,1.42,11,4,1,1,0
,,,,,,,,,,,,,,,,,
,,,,,,,,,,,,,,,,,
,,,,,,,,,,,,,,,,,
,,15,15,1259,0,1,84,6,23,10,38,2.99,11,30,4,3,0
I. Feingold,NE,9,8,666,1,1,88,1,6,1,9,1.78,3,14,0,1,0
M. Woledzi,NSH,14,13,1181,1,1,95,1,6,1,3,0.42,9,3,0,0,0
T. Blackmon,VAN,13,13,1170,0,1,91,3,11,4,2,2,13,10,2,2,0
B. Hines-Ike,ATX,11,11,943,0,1,94,0,5,4,2,0.43,6,7,1,2,0
N. Harriel,PHI,15,15,1350,0,1,73,3,16,6,5,1.9,23,25,0,2,0
R. Donkor,RBNY,14,14,1183,0,1,83,4,10,4,24,1.39,22,14,0,4,0
L. Berg Johnsen,SKC,11,10,909,1,1,89,3,7,2,8,0.74,12,2,0,2,0
J. Cifuentes,TOR,10,10,796,0,1,79,3,12,3,6,1.16,13,8,0,3,0
K. Duncan,MIN,12,10,829,2,1,86,1,5,2,8,0.68,16,15,1,2,0
M. Fofana,NE,13,13,1170,0,1,91,0,1,1,5,0.45,6,1,0,3,0
A. Chirila,CIN,6,4,419,2,1,86,0,3,2,1,0.08,1,4,0,1,0
W. Sands,NE,14,14,1197,0,1,83,1,9,2,8,1.07,15,25,0,2,0
S. Córdova,STL,10,4,492,6,1,68,0,7,2,2,0.65,7,15,5,1,0
J. Jasinski,SJ,7,4,384,3,1,84,0,5,2,3,0.54,8,2,0,1,0
G. Biro,ATX,12,11,856,1,1,83,2,10,3,7,1.35,13,15,1,4,1
K. Opoku,MTL,5,0,97,5,1,94,0,2,1,0,0.94,1,5,2,0,0
J. Mosquera,POR,3,1,69,2,1,91,1,2,2,1,0.27,3,1,0,0,0
I. Jaime,MTL,12,10,831,2,1,79,1,29,8,16,1.77,14,21,7,2,0
G. Valenzuela,CIN,13,9,776,4,1,88,4,13,5,14,1.29,17,24,0,2,1
S. Becher,STL,14,13,1082,1,1,71,4,29,6,15,5.4,24,18,7,1,0
T. Totland,STL,10,5,513,5,1,85,0,4,2,5,1.07,8,5,1,1,0
É. Ocampo,VAN,14,13,1100,1,1,83,4,11,2,16,0.98,20,15,2,5,0
J. Rosales,ATX,15,15,1280,0,1,85,2,16,3,9,0.73,28,25,2,2,0
G. Luján,MIA,13,9,839,4,1,86,0,4,1,4,0.48,13,7,0,3,0
M. Duggan,MIN,15,15,1350,0,1,87,0,9,5,3,1.58,17,4,1,4,0
G. Guerra,POR,6,3,278,3,1,75,1,5,2,2,0.58,1,1,1,0,0
D. Mihailovic,TOR,5,4,401,1,1,77,2,7,4,11,0.75,2,4,1,0,0
C. Sullivan,PHI,13,6,548,7,1,69,4,13,7,12,0.96,14,8,0,1,0
M. Desler,ATX,9,6,551,3,1,89,0,4,2,4,0.36,8,9,0,2,0
L. Gavran,TOR,14,14,1260,0,1,66,1,1,1,0,0.37,0,4,0,0,0
H. Synchuk,MTL,8,4,361,4,1,75,0,18,6,3,2.61,5,15,1,2,0
S. Afrifa,SKC,12,0,230,12,1,86,1,6,3,3,0.26,4,5,0,0,0
S. Eustáquio,LAFC,10,7,602,3,1,90,4,7,2,6,0.38,8,6,0,0,0
D. Romney,SJ,9,4,419,5,1,79,0,4,1,0,0.53,3,4,0,0,0
A. Perea,NYC,5,1,200,4,1,84,0,2,1,2,0.37,0,6,0,0,0
P. Yazbek,NSH,10,7,657,3,1,93,3,8,4,7,1.26,10,4,0,0,0
F. Fall,STL,5,2,222,3,1,84,0,3,1,2,0.27,1,3,0,1,0
S. Suleymanov,SKC,13,9,744,4,1,87,1,16,6,8,1.19,9,14,1,1,0
N. Triantis,MIN,15,14,1167,1,1,87,1,18,5,8,1.58,17,9,0,2,0
H. Herrera,HOU,13,5,554,8,1,94,2,7,2,15,1.1,11,11,0,0,0
T. Habroune,CLB,14,11,928,3,1,85,1,7,3,23,1.23,18,10,2,2,0
J. Terry,LAFC,5,2,147,3,1,90,0,2,1,1,0.06,2,1,0,0,0
T. Souza,ORL,13,8,583,5,1,74,3,10,3,4,2.22,17,18,3,3,0
M. Moralez,NYC,14,14,1130,0,1,83,6,13,5,28,2.11,10,24,7,1,0
S. Palencia,LAFC,9,8,627,1,1,83,1,3,1,3,0.45,14,5,1,2,0
S. Bangoura,CLB,13,4,453,9,1,88,0,5,2,1,0.99,15,11,0,1,0
L. Herrington,COL,15,15,1350,0,1,95,1,2,1,5,0.33,14,7,0,4,0
E. Forsberg,RBNY,14,13,1081,1,1,87,5,26,7,25,2.19,14,11,1,0,0
E. Tagseth,NSH,9,8,691,1,1,93,1,2,1,5,0.1,8,4,0,1,0
T. Gray,NYC,14,14,1218,0,1,84,2,9,4,10,0.76,16,18,0,3,0
V. Olatunji,RSL,11,2,257,9,1,64,0,9,6,0,2.41,9,13,6,0,0
A. Bonetig,POR,8,7,650,1,1,90,0,2,1,0,0.38,5,3,0,1,0
M. Sofo,RBNY,8,2,280,6,1,75,0,8,3,1,1.29,10,7,1,0,0
J. Bartlett,SKC,12,9,834,3,1,90,1,1,1,4,0.39,16,12,2,2,0
A. Anello,PHI,10,3,370,7,1,68,1,15,6,7,2.25,6,5,4,1,0
J. Atencio,COL,12,9,790,3,1,89,2,3,2,3,0.21,15,4,0,6,0
R. Hollingshead,LAFC,11,6,595,5,1,86,0,8,3,9,1.44,9,7,0,1,0
L. Bombino,SD,12,11,938,1,1,86,2,8,2,6,0.4,17,27,2,4,0
L. Otávio,ORL,10,5,412,5,1,83,0,4,3,1,0.8,6,7,0,2,0
I. Aliyu,HOU,11,2,255,9,1,82,0,6,1,4,0.3,5,2,0,0,0
A. Mehmeti,RBNY,15,15,1239,0,1,86,4,6,1,12,1.25,25,10,0,4,0
Z. Booth,RSL,8,4,319,4,1,80,0,3,1,2,0.17,7,4,3,0,0
A. Manyoma,COL,11,2,234,9,1,82,0,4,1,1,0.27,2,10,1,1,0
D. Thórhallsson,MTL,10,7,608,3,1,85,0,7,3,7,0.39,7,9,1,0,0
J. Pereyra,MIN,15,14,1278,1,1,79,5,27,6,28,1.58,21,37,5,3,0
R. Roberts,SJ,14,14,1260,0,1,89,1,4,2,3,0.41,11,9,0,4,0
A. Qasem,NSH,14,9,731,5,1,85,1,10,6,4,0.59,16,11,2,3,0
A. Jabbari,CIN,13,4,364,9,1,75,2,6,2,5,0.77,7,15,2,1,0
B. Bender,PHI,8,4,434,4,1,72,2,6,2,10,0.2,4,7,1,1,0
M. Yoshida,LA,11,6,549,5,1,91,0,6,3,0,0.73,4,3,0,0,0
N. Norris,DAL,12,10,899,2,1,78,1,2,2,1,0.25,19,5,1,4,0
A. Piol,RSL,2,2,166,0,1,70,0,4,2,0,1.27,1,0,0,0,0
I. Vassilev,PHI,14,12,958,2,1,79,0,11,4,9,1.67,9,9,1,1,0
E. Echenique,CIN,13,8,775,5,1,73,5,14,5,20,1.39,10,8,2,1,0
D. Edelman,STL,13,12,1074,1,1,88,3,7,1,14,0.51,5,18,1,1,0
R. Santos,STL,12,10,880,2,1,77,1,13,7,15,0.91,11,6,0,1,0
J. Sang-bin,STL,8,5,307,3,1,78,1,4,1,4,1.11,2,5,1,0,0
M. dos Santos,MIA,14,14,1260,0,1,94,0,7,2,1,0.58,17,7,0,4,0
C. McVey,SD,13,12,1054,1,1,92,2,6,2,3,0.95,12,1,0,4,0
M. Nascimento,LA,8,0,143,8,1,77,0,5,4,2,1.21,0,2,2,0,0
J. Sery Larsen,PHI,10,9,732,1,1,77,0,2,2,1,0.28,22,12,0,4,1
A. Westwood,CLT,14,13,1205,1,1,87,5,7,3,16,0.85,5,15,0,6,0
M. González,MIN,6,0,70,6,1,90,0,4,3,0,0.74,1,0,0,0,0
E. Sviatchenko,HOU,8,7,586,1,1,81,0,3,1,2,0.38,11,2,0,2,0
I. Fray,MIA,11,9,665,2,1,84,2,6,3,7,1.76,15,17,1,4,0
E. Löwen,STL,7,3,259,4,1,89,1,8,2,3,0.5,5,5,0,0,0
T. Tillman,LAFC,14,10,925,4,1,87,3,9,2,16,1.12,13,34,3,3,0
I. Gómez,ORL,2,0,13,2,1,73,0,1,1,0,0.18,2,0,0,1,0
T. Jacob,ATL,12,12,1031,0,1,82,0,6,1,10,0.69,17,14,2,4,0
K. Smith,CIN,11,7,653,4,1,86,1,4,2,1,0.87,5,1,0,1,1
L. Campana,NE,2,1,110,1,1,79,0,2,1,0,0.33,0,0,0,0,0
J. Neeley,CLT,0,0,0,0,0,0,0,0,0,0,0,0,0,0,0,0
C. Oliveira,NE,1,0,5,1,0,67,0,0,0,0,0,1,0,0,0,0
M. Duah,SD,14,14,1202,0,0,94,0,3,0,2,0.26,9,11,1,1,1
D. Ruíz,MIA,4,2,152,2,0,89,0,1,0,3,0.18,8,1,0,1,0
T. Lepley,LA,0,0,0,0,0,0,0,0,0,0,0,0,0,0,0,0
H. Dotson,SEA,10,7,566,3,0,88,1,4,0,3,0.14,8,9,0,3,0
Y. Gómez Andrade,SEA,3,3,172,0,0,86,0,4,1,0,0.3,2,1,0,0,0
J. Rodríguez,MIN,6,2,194,4,0,88,2,9,3,16,0.2,2,3,1,0,0
F. Negri,HOU,5,4,291,1,0,85,0,2,0,1,0.06,2,1,0,1,0
J. Ragen,SEA,12,11,1058,1,0,92,1,11,2,5,1.41,6,3,0,3,0
N. Crockford,SJ,0,0,0,0,0,0,0,0,0,0,0,0,0,0,0,0
W. Eisner,SD,4,0,109,4,0,90,0,1,0,0,0.18,2,4,0,0,0
C. Cappis,DAL,15,9,836,6,0,82,1,7,1,12,0.52,11,10,1,3,0
M. Yamane,LA,13,9,726,4,0,85,1,3,2,12,0.62,9,2,0,1,0
J. Reid,SKC,10,10,891,0,0,80,0,7,3,3,0.35,12,10,0,1,0
G. Minoungou,COL,9,6,597,3,0,70,2,9,1,8,1.43,7,19,2,1,0
K. Thompson,TOR,2,2,135,0,0,79,0,0,0,0,0,1,2,0,0,0
L. Moisa,RSL,3,3,178,0,0,89,1,1,0,2,0.04,1,1,0,1,0
J. Ricketts,SJ,13,11,868,2,0,82,3,6,1,12,0.76,17,29,3,1,0
J. Da,NE,1,0,8,1,0,50,0,0,0,0,0,0,0,0,0,0
B. Anunga,CIN,8,4,385,4,0,91,0,0,0,0,0,5,8,0,1,0
S. Moore,DAL,15,14,1296,1,0,84,1,5,2,4,0.37,19,14,2,2,0
T. Beason,NE,5,0,55,5,0,75,1,0,0,0,0,0,1,0,0,0
A. Riquelme,RSL,0,0,0,0,0,0,0,0,0,0,0,0,0,0,0,0
K. Trewin,NYC,15,14,1256,1,0,89,2,8,3,6,0.44,14,8,0,3,0
d. duplicated González,SJ,1,0,7,1,0,63,0,0,0,0,0,0,1,0,0,0
G. Turner,DC,3,0,43,3,0,82,0,1,0,1,0.04,0,0,0,0,0
K. Nielsen,LAFC,3,2,146,1,0,89,0,0,0,1,0,3,1,0,1,0
P. Ruiz,RSL,4,0,52,4,0,70,0,2,1,4,0.08,1,0,0,0,0
M. Amundsen,CLB,11,11,945,0,0,89,1,3,0,4,0.12,6,4,0,2,0
C. Welsh,STL,0,0,0,0,0,0,0,0,0,0,0,0,0,0,0,0
S. Korzeniowski,PHI,6,1,136,5,0,83,1,7,2,1,0.77,3,5,0,0,0
S. Gregersen,ATL,9,8,724,1,0,92,1,1,1,2,0.21,9,6,1,3,0
O. Makhanya,PHI,13,13,1169,0,0,82,0,7,1,5,0.64,14,3,2,5,0
R. Baker-Whiting,NSH,10,4,399,6,0,85,0,1,0,2,0.13,3,1,0,1,0
A. Beaudry,COL,0,0,0,0,0,0,0,0,0,0,0,0,0,0,0,0
B. Duke,SD,4,1,75,3,0,79,0,1,1,1,0.02,3,0,0,1,0
S. Morales,MIA,1,1,73,0,0,87,0,0,0,3,0,0,3,0,0,0
R. Ramos Jr.,LA,3,1,97,2,0,75,0,0,0,1,0,1,1,0,1,0
K. LeBlanc,PHI,0,0,0,0,0,0,0,0,0,0,0,0,0,0,0,0
O. Gene,MIN,14,8,698,6,0,91,2,3,0,5,0.11,6,4,0,1,0
A. Thomas,SEA,13,13,1170,0,0,71,0,0,0,0,0,0,2,0,0,0
D. Bugaj,MTL,10,8,704,2,0,74,0,9,3,2,0.41,11,7,0,1,0
K. O'Toole,NYC,10,10,900,0,0,89,1,4,3,3,0.3,6,4,3,0,0
C. Wallem,STL,12,12,1053,0,0,83,1,13,0,14,1.22,24,11,2,2,0
D. Judelson,ORL,0,0,0,0,0,0,0,0,0,0,0,0,0,0,0,0
J. McCarthy,RBNY,0,0,0,0,0,0,0,0,0,0,0,0,0,0,0,0
O. Valencia,RBNY,9,1,279,8,0,77,0,2,2,2,0.05,9,5,0,3,0
G. Berggren,RBNY,10,3,307,7,0,86,1,8,0,4,1.02,8,4,0,0,1
C. Adams,CLB,1,0,1,1,0,0,0,0,0,0,0,0,0,0,0,0
T. Avilés,MTL,4,3,221,1,0,82,0,1,0,0,0.06,4,1,0,0,1
J. Yueill,NE,7,1,128,6,0,90,0,1,1,1,0.05,4,1,0,0,0
O. Nwobodo,CIN,10,4,372,6,0,78,1,6,1,0,0.63,16,2,1,3,0
L. Mackenzie,VAN,0,0,0,0,0,0,0,0,0,0,0,0,0,0,0,0
C. Pompeu,STL,3,1,113,2,0,74,0,4,2,1,0.16,0,2,0,0,0
P. Amador,ATL,7,2,238,5,0,89,1,3,0,5,0.15,4,4,0,0,0
W. Cleary,CLT,2,1,105,1,0,87,1,0,0,1,0,0,0,0,0,0
S. Jimenez,CIN,1,0,2,1,0,100,0,0,0,0,0,2,0,0,0,0
P. Plambeck,MIA,3,0,40,3,0,90,0,1,1,0,0.04,0,0,0,0,0
J. Cohen,CHI,0,0,0,0,0,0,0,0,0,0,0,0,0,0,0,0
T. Muse,POR,0,0,0,0,0,0,0,0,0,0,0,0,0,0,0,0
T. Wolff,RSL,0,0,0,0,0,0,0,0,0,0,0,0,0,0,0,0
P. Leão,ORL,1,0,6,1,0,50,0,0,0,0,0,0,2,0,0,0
M. Evans,LAFC,1,1,56,0,0,88,1,2,1,1,0.12,1,0,0,1,0
S. Santos,ATL,3,0,32,3,0,71,0,4,1,0,0.56,0,1,0,0,0
M. Arana,HOU,1,0,2,1,0,100,0,0,0,0,0,0,0,0,0,0
J. Bungi,RBNY,2,1,90,1,0,65,0,1,0,0,0.03,3,0,0,1,0
J. Nelson,LA,13,7,795,6,0,84,0,0,0,0,0,1,4,0,0,0
L. Engel,RSL,8,8,662,0,0,83,0,6,0,1,0.63,2,2,2,0,0
N. Cobb,COL,7,2,288,5,0,90,0,0,0,1,0,5,1,0,2,0
N. Cavallo,NYC,6,5,447,1,0,86,1,0,0,2,0,3,2,0,1,0
E. Báez,ATL,12,12,1044,0,0,81,3,12,4,11,0.73,8,8,1,3,0
M. Perez,STL,7,3,228,4,0,85,0,3,1,3,0.18,4,1,1,2,0
S. Moreira,CLB,14,13,1135,1,0,91,3,9,2,9,0.29,9,4,0,1,0
D. Yedlin,RSL,9,8,671,1,0,89,2,3,0,6,0.34,17,3,0,4,0
J. Che,RBNY,8,6,553,2,0,87,0,3,1,3,0.61,4,4,0,2,0
J. Hibbert,ATL,0,0,0,0,0,0,0,0,0,0,0,0,0,0,0,0
A. Rick,PHI,1,1,90,0,0,78,0,0,0,0,0,1,0,0,1,0
M. Edwards,ATL,7,2,249,5,0,84,1,1,0,4,0.03,5,2,0,1,0
L. Barroso,CHI,7,7,545,0,0,76,0,5,2,5,0.22,6,1,0,1,0
T. Smalls,CLT,6,0,57,6,0,89,0,0,0,0,0,3,2,0,0,0
A. Bossenberry,TOR,2,0,32,2,0,72,0,0,0,0,0,1,2,0,0,0
A. O'Neill,NYC,11,11,908,0,0,90,3,6,1,5,0.44,18,11,0,2,0
C. Abadia-Reda,MIA,3,0,37,3,0,95,0,0,0,1,0,2,0,0,0,0
R. Vieira,SJ,13,12,1047,1,0,85,1,18,4,8,1.06,23,12,0,4,0
J. Gressel,MIN,3,0,50,3,0,82,0,0,0,1,0,2,0,0,1,0
J. Dean,CHI,11,9,780,2,0,84,0,1,0,9,0.19,8,7,0,1,1
R. Hernández,ATL,2,2,151,0,0,75,0,1,0,2,0.01,9,2,0,1,0
D. Poreba,CHI,0,0,0,0,0,0,0,0,0,0,0,0,0,0,0,0
B. Kuscevic,TOR,6,6,470,0,0,88,0,4,2,0,0.21,7,3,0,2,0
A. Julio,DAL,2,0,27,2,0,0,0,1,1,0,0.04,1,0,0,0,0
L. Hoyos,ATL,14,14,1260,0,0,76,0,0,0,0,0,1,4,0,3,0
D. Borges,SKC,3,2,205,1,0,82,0,1,0,0,0.12,2,0,0,1,0
P. Kingston,SEA,9,2,240,7,0,86,0,5,2,2,0.27,10,1,0,3,0
M. Fall,STL,3,0,33,3,0,83,0,0,0,0,0,1,0,0,1,0
N. Miller,ORL,5,4,329,1,0,92,0,1,0,0,0.14,1,1,0,2,0
M. Almirón,ATL,8,7,658,1,0,80,3,18,4,12,1.85,3,13,6,0,0
D. McIntosh,NE,0,0,0,0,0,0,0,0,0,0,0,0,0,0,0,0
A. Katranis,RSL,5,4,334,1,0,77,1,3,2,3,0.23,8,4,2,1,0
M. Falcón,MIA,9,9,810,0,0,93,0,4,0,2,0.78,8,9,0,2,0
H. Johansson,DAL,14,11,999,3,0,81,2,3,2,15,0.33,24,7,1,2,0
J. Neal,MTL,6,5,407,1,0,88,0,1,0,0,0.04,9,1,0,1,0
T. Reid-Brown,ORL,7,2,222,5,0,81,0,0,0,0,0,3,4,0,1,0
D. Pereira,ATX,8,4,365,4,0,92,1,3,1,3,0.11,7,11,0,1,0
R. Bürki,STL,13,13,1170,0,0,77,1,0,0,0,0,0,4,0,1,0
S. Cleveland,SKC,5,5,450,0,0,73,0,0,0,0,0,0,0,0,0,0
M. Dos Santos,RBNY,14,13,937,1,0,78,1,4,0,9,0.19,13,3,0,1,0
N. Markovic,DC,11,2,311,9,0,74,1,3,0,2,0.09,12,8,0,1,0
A. Farrell,NE,1,1,90,0,0,90,0,0,0,0,0,0,1,0,0,0
F. Mrozek,CIN,0,0,0,0,0,0,0,0,0,0,0,0,0,0,0,0
M. Mbokazi,CHI,12,12,1049,0,0,86,0,6,3,1,0.99,4,10,1,2,0
Ž. Kolmanič,ATX,7,2,259,5,0,85,0,0,0,5,0,0,0,0,0,0
K. Cabrera,VAN,9,2,309,7,0,83,3,2,0,4,0.03,2,6,1,2,0
E. Garces,LA,10,8,707,2,0,91,2,1,0,3,0.03,14,6,0,2,0
T. Brown,CLB,0,0,0,0,0,0,0,0,0,0,0,0,0,0,0,0
D. Jones,SJ,5,5,362,0,0,84,0,1,1,3,0.2,5,4,0,2,0
A. Shaw,MIA,2,0,23,2,0,83,0,0,0,0,0,1,0,0,0,0
J. Glad,RSL,12,12,1051,0,0,93,3,4,2,2,0.38,8,5,1,0,0
N. Micovic,LA,4,4,360,0,0,73,0,0,0,0,0,0,1,0,0,0
A. Sejdić,CLB,7,1,181,6,0,89,0,3,2,3,0.12,4,0,0,0,0
F. Westfield,PHI,11,11,893,0,0,64,3,14,2,15,0.74,7,22,0,1,0
L. Rodrigues dos Santos,RSL,1,0,30,1,0,58,0,0,0,0,0,0,1,0,0,0
G. Marks,PHI,0,0,0,0,0,0,0,0,0,0,0,0,0,0,0,0
N. Simmonds,DAL,4,1,105,3,0,88,0,2,2,2,0.18,3,1,1,1,0
J. Sandmeyer,CHI,0,0,0,0,0,0,0,0,0,0,0,0,0,0,0,0
E. Mihaj,ATL,13,12,1060,1,0,88,0,3,2,1,0.17,13,4,0,3,0
E. Dymora,DAL,0,0,0,0,0,0,0,0,0,0,0,0,0,0,0,0
D. Taylor,MIN,4,1,116,3,0,79,0,1,0,2,0.03,5,0,0,1,0
R. Edwards,TOR,12,9,741,3,0,76,0,3,1,4,0.17,16,11,0,3,1
T. Ku-Dipietro,COL,4,0,91,4,0,85,1,3,1,1,0.3,0,3,0,0,0
I. Murphy,COL,1,0,6,1,0,100,0,0,0,0,0,0,0,0,0,0
L. Halter,HOU,3,3,250,0,0,86,0,2,0,2,0.17,4,2,0,1,0
S. Gidi,CIN,14,12,1048,2,0,86,4,1,0,8,0.08,8,18,0,2,0
T. Miller,CLT,0,0,0,0,0,0,0,0,0,0,0,0,0,0,0,0
M. Crépeau,ORL,14,14,1186,0,0,74,0,0,0,0,0,2,3,0,2,1
O. Søe,SD,6,5,420,1,0,92,0,3,0,0,0.41,8,0,0,1,0
A. Bouzat,HOU,12,6,604,6,0,88,0,10,2,4,0.43,12,5,0,1,1
O. Wolff,ATX,5,2,195,3,0,91,1,0,0,2,0,3,7,0,0,0
T. Johnson,VAN,12,11,972,1,0,89,1,2,0,14,0.03,13,17,1,1,0
C. Brady,CHI,14,14,1260,0,0,77,0,0,0,0,0,2,4,0,0,0
N. Gomis,TOR,2,1,77,1,0,95,0,1,0,0,0.04,0,0,0,0,0
J. Badwal,VAN,13,10,892,3,0,93,1,9,4,12,2.16,11,31,0,1,0
N. Tafari,LAFC,15,13,1223,2,0,92,1,8,1,4,0.48,7,4,2,2,0
A. Saidi,SD,2,0,20,2,0,100,2,1,1,1,0.05,0,1,0,0,0
J. Marcinkowski,LA,11,11,990,0,0,70,1,0,0,0,0,0,1,0,2,0
G. Rivera,HOU,0,0,0,0,0,0,0,0,0,0,0,0,0,0,0,0
M. Dieng,MIN,13,2,222,11,0,76,0,9,4,2,1.36,3,4,4,0,0
J. Waterman,CHI,10,6,644,4,0,88,0,1,0,4,0.21,6,6,0,2,0
D. Sealy,COL,14,10,778,4,0,80,4,18,4,13,1.82,13,15,1,1,0
J. Pulskamp,SKC,9,9,810,0,0,68,0,0,0,0,0,0,2,0,0,0
K. Kahlina,CLT,15,15,1350,0,0,82,0,0,0,0,0,0,1,0,2,0
J. Glesnes,LA,9,9,765,0,0,88,0,3,0,0,0.28,6,3,2,3,0
E. Cerrillo,LA,14,12,1120,2,0,92,1,7,4,8,0.29,8,12,0,4,0
R. Elloumi,VAN,10,0,75,10,0,75,0,2,2,1,0.53,6,5,0,0,0
J. Ortiz,POR,8,4,434,4,0,93,2,5,1,3,0.26,3,9,0,0,0
J. Maurer,HOU,1,0,45,1,0,46,0,0,0,0,0,0,0,0,1,0
T. Corbeanu,TOR,1,0,16,1,0,100,0,0,0,0,0,1,0,0,1,0
K. Henry,RSL,0,0,0,0,0,0,0,0,0,0,0,0,0,0,0,0
R. Raposo,LAFC,7,3,323,4,0,89,0,7,0,5,0.52,6,8,0,2,0
J. Ortiz,SKC,0,0,0,0,0,0,0,0,0,0,0,0,0,0,0,0
W. Trapp,MIN,14,8,798,6,0,91,1,0,0,6,0,10,4,0,2,0
N. Byrne,CLT,14,14,1245,0,0,84,0,3,0,3,0.17,4,14,0,2,0
I. da Silva Nogueira,ORL,13,11,1006,2,0,92,0,12,4,2,0.94,12,6,1,4,0
R. Mesalles,RSL,0,0,0,0,0,0,0,0,0,0,0,0,0,0,0,0
M. Fry,NE,4,0,43,4,0,81,0,1,0,0,0.04,1,0,0,0,0
J. Sirois,DAL,2,2,180,0,0,54,0,0,0,0,0,0,1,0,0,0
W. Kumado,SD,2,0,22,2,0,93,0,0,0,4,0,0,0,0,0,0
M. Galarza,ATL,10,8,666,2,0,82,1,18,4,10,1.48,17,15,0,2,0
F. Sundstrom,PHI,2,1,52,1,0,60,0,0,0,0,0,1,0,0,0,0
J. Bazan,RBNY,1,0,10,1,0,67,0,0,0,0,0,1,0,0,0,0
P. Dithejane,CHI,8,1,166,7,0,80,0,8,3,5,0.51,3,4,0,1,0
J. Thiaré,CLB,9,0,132,9,0,84,0,2,0,3,0.48,4,4,0,1,0
E. Louro,CIN,2,2,180,0,0,66,0,0,0,0,0,0,0,0,0,0
C. Guske,ORL,6,2,284,4,0,84,0,1,0,1,0.02,6,8,0,1,0
M. Anchor,SEA,0,0,0,0,0,0,0,0,0,0,0,0,0,0,0,0
J. Gal,CHI,0,0,0,0,0,0,0,0,0,0,0,0,0,0,0,0
N. Romero,MIN,9,8,643,1,0,88,0,4,1,2,0.21,7,7,2,2,0
R. Cabral,RSL,14,14,1260,0,0,79,1,0,0,0,0,0,0,0,0,0
S. Frei,SEA,0,0,0,0,0,0,0,0,0,0,0,0,0,0,0,0
M. Henry,TOR,11,5,487,6,0,76,0,6,2,3,0.51,6,4,4,3,0
J. Vilsaint,TOR,2,0,24,2,0,100,0,0,0,0,0,0,0,2,0,0
L. Abubakar,DAL,1,1,54,0,0,90,0,0,0,0,0,3,0,0,1,0
L. Costabile,TOR,0,0,0,0,0,0,0,0,0,0,0,0,0,0,0,0
J. Farr,DC,0,0,0,0,0,0,0,0,0,0,0,0,0,0,0,0
S. Olivas,PHI,1,0,7,1,0,67,0,0,0,0,0,0,0,0,0,0
K. Agyabeng,SKC,7,2,291,5,0,86,0,0,0,1,0,9,8,0,0,0
R. Benetti,DAL,14,12,994,2,0,83,2,8,1,7,0.44,9,6,0,2,0
L. Petrasso,MTL,12,12,1075,0,0,84,2,6,2,17,0.37,3,5,2,0,0
R. Binyamin,DAL,13,5,446,8,0,81,2,5,2,6,0.77,8,9,1,1,0
N. Markanich,HOU,6,1,90,5,0,82,0,3,0,1,0.56,2,1,2,0,1
K. Miller,POR,10,7,560,3,0,90,0,0,0,1,0,9,6,0,2,1
E. Torres,ATX,2,0,24,2,0,73,0,1,1,0,0.06,0,1,0,0,0
L. MacNaughton,STL,11,4,468,7,0,87,1,4,1,2,0.25,10,1,0,0,0
S. Oregel,CHI,3,0,26,3,0,96,0,0,0,1,0,2,2,0,0,0
J. Bauer,NSH,9,3,285,6,0,79,1,1,0,2,0.08,3,2,0,1,0
P. Schulte,CLB,15,15,1350,0,0,82,0,0,0,0,0,0,0,0,0,0
J. Otero,ORL,2,1,161,1,0,47,0,0,0,0,0,0,3,0,0,0
Z. Bassong,SKC,5,3,239,2,0,83,1,6,1,6,0.21,10,0,0,2,0
W. Cartagena,ORL,4,1,42,3,0,89,0,0,0,0,0,4,3,0,1,0
E. Edwards Jr.,SJ,1,1,24,0,0,78,0,0,0,0,0,0,0,0,1,0
D. Diani,CLT,14,8,657,6,0,93,1,6,0,4,1,14,7,0,3,0
A. Lajhar,CIN,4,0,19,4,0,77,0,0,0,0,0,1,0,0,1,0
S. Brunell,SEA,13,8,775,5,0,85,1,13,6,9,0.89,12,5,0,2,0
A. Smir,MIN,0,0,0,0,0,0,0,0,0,0,0,0,0,0,0,0
H. Sarajian,ORL,2,0,12,2,0,78,0,0,0,0,0,1,0,0,0,0
F. Amaya,MTL,0,0,0,0,0,0,0,0,0,0,0,0,0,0,0,0
A. Herrera,CLB,13,9,856,4,0,83,1,12,5,5,0.9,9,6,5,2,0
M. Zambrano,NE,2,0,23,2,0,100,0,0,0,0,0,1,0,0,0,0
A. Mighten,SD,9,3,362,6,0,91,2,4,2,7,0.37,5,6,1,1,0
O. Verhoeven,SD,14,9,910,5,0,88,2,2,0,7,0.45,13,9,2,3,0
N. Caliskan,RSL,14,13,1185,1,0,89,3,10,3,13,0.39,8,16,0,3,0
K. Chandler,MIN,1,0,9,1,0,83,0,0,0,0,0,0,0,0,0,0
G. Flores,CIN,7,4,302,3,0,84,0,1,0,0,0.03,8,1,0,1,0
M. Farsi,CLB,6,2,206,4,0,87,2,4,2,2,0.41,1,4,0,0,0
D. Fitz,MIN,1,0,7,1,0,60,0,0,0,0,0,2,0,0,0,0
S. Breza,MTL,0,0,0,0,0,0,0,0,0,0,0,0,0,0,0,0
D. Johnson,SJ,1,0,27,1,0,50,0,2,1,0,0.14,0,1,0,0,0
C. Tschantret,SKC,1,1,51,0,0,90,0,0,0,0,0,2,0,0,0,0
A. Lopez,SEA,7,5,473,2,0,94,0,2,0,4,0.05,4,5,0,1,0
J. Marshall-Rutty,RBNY,14,13,1112,1,0,89,2,11,3,7,0.49,10,7,1,2,0
W. Pacius,NSH,11,3,237,8,0,69,0,7,0,2,0.76,10,2,0,1,0
J. Artur,HOU,7,5,427,2,0,91,1,3,2,2,0.07,4,1,0,1,0
R. Veselinović,VAN,2,0,19,2,0,56,0,0,0,0,0,0,0,0,0,0
J. Torquato,DAL,0,0,0,0,0,0,0,0,0,0,0,0,0,0,0,0
M. Floriani,SJ,2,2,160,0,0,85,0,0,0,0,0,1,5,0,0,0
B. Craig,MTL,5,2,298,3,0,84,0,4,1,0,0.3,2,2,0,2,0
H. Lloris,LAFC,12,12,1080,0,0,59,0,0,0,2,0,0,1,0,0,0
M. Cimermancic,TOR,2,2,141,0,0,90,1,1,0,1,0.03,6,0,1,0,0
F. Montali,SJ,0,0,0,0,0,0,0,0,0,0,0,0,0,0,0,0
D. Borso,CHI,4,0,74,4,0,79,0,3,1,0,0.25,3,3,0,1,0
N. Buck,SJ,1,1,64,0,0,89,0,0,0,0,0,0,0,0,0,0
B. Bye,POR,14,13,1186,1,0,77,1,10,3,12,0.77,11,3,1,2,0
E. Horvath,RBNY,15,15,1350,0,0,72,1,0,0,0,0,0,0,0,0,0
D. Holmes,HOU,8,7,519,1,0,85,0,4,1,4,0.32,5,10,0,2,0
J. Travis,COL,13,11,804,2,0,89,1,2,1,3,0.1,8,15,0,2,1
,,,,,,,,,,,,,,,,,
,,,,,,,,,,,,,,,,,
,,,,,,,,,,,,,,,,,
,,,,,,,,,,,,,,,,,
,,,,,,,,,,,,,,,,,
,,,,,,,,,,,,,,,,,
,,,,,,,,,,,,,,,,,
,,,,,,,,,,,,,,,,,
,,,,,,,,,,,,,10,7,0,2,0
C. Mueller,CHI,5,1,93,4,0,74,0,1,1,2,0.2,2,0,2,1,0
M. Carrizo,NYC,3,0,32,3,0,96,0,1,0,1,0.03,1,0,0,0,0
T. Himes,ORL,0,0,0,0,0,0,0,0,0,0,0,0,0,0,0,0
O. Escobar,MTL,12,4,288,8,0,75,0,7,2,5,0.43,5,4,0,2,0
J. Nolan,TOR,0,0,0,0,0,0,0,0,0,0,0,0,0,0,0,0
K. Stewart-Baynes,COL,1,0,9,1,0,100,0,0,0,0,0,0,0,0,0,0
H. Kijima,DC,3,1,58,2,0,67,0,1,1,1,0.06,0,1,0,0,0
A. Herrera,DC,7,4,385,3,0,73,0,7,1,3,0.41,5,4,0,1,0
J. Mina,RBNY,5,1,182,4,0,89,0,4,2,1,0.43,4,8,0,0,0
C. Teuchert,STL,10,4,299,6,0,74,1,12,6,12,1.4,4,7,2,0,0
J. Valiente,DAL,14,9,862,5,0,80,4,11,3,20,0.9,5,3,4,0,0
D. Polvara,STL,14,14,1186,0,0,89,0,8,0,3,0.63,14,14,1,3,0
J. Maher,NSH,4,4,360,0,0,93,0,3,1,0,0.26,2,1,0,1,0
M. Joyner,STL,3,0,29,3,0,82,0,1,0,1,0.03,0,0,1,0,0
Z. Monlouis,TOR,12,8,791,4,0,87,0,6,3,1,0.33,4,3,0,1,0
O. Mbaizo,PHI,1,0,59,1,0,79,0,0,0,0,0,0,0,0,0,0
Z. Steffen,COL,9,9,810,0,0,90,0,0,0,0,0,0,0,0,0,0
A. Privett,CLT,8,6,569,2,0,90,0,2,1,2,0.18,4,2,0,2,0
I. Sánchez,ATX,12,11,752,1,0,88,0,7,3,0,0.58,10,7,1,3,0
M. Gherasimencov,VAN,6,2,213,4,0,91,0,1,0,1,0.04,7,4,0,0,0
A. Fadal,COL,0,0,0,0,0,0,0,0,0,0,0,0,0,0,0,0
C. Clark,DC,7,0,82,7,0,66,1,1,0,1,0.07,4,1,0,1,0
S. Chirila,CIN,0,0,0,0,0,0,0,0,0,0,0,0,0,0,0,0
H. Miller,LA,13,5,500,8,0,80,0,8,1,11,0.45,4,8,1,0,0
J. Gilman,TOR,2,2,176,0,0,90,0,1,1,1,0.11,2,0,0,0,0
C. Swann,DAL,2,0,7,2,0,80,0,0,0,0,0,0,0,0,0,0
S. Gomez,SEA,1,0,14,1,0,80,0,1,0,0,0.05,0,0,0,0,0
J. Fory,POR,13,13,1070,0,0,87,2,3,0,4,0.13,19,8,1,3,1
A. Pearlman,TOR,0,0,0,0,0,0,0,0,0,0,0,0,0,0,0,0
A. Farnós,NYC,7,2,151,5,0,88,0,2,0,3,0.25,0,5,0,0,0
J. Kortkamp,SKC,0,0,0,0,0,0,0,0,0,0,0,0,0,0,0,0
J. Shore,NYC,10,0,111,10,0,86,0,0,0,2,0,3,6,0,0,0
B. Sabovic,ATX,10,2,366,8,0,88,0,2,0,1,0.19,8,6,0,2,0
G. Martínez,PHI,7,4,458,3,0,79,0,2,0,1,0.86,10,2,0,2,0
D. Fagúndez,NE,9,1,186,8,0,91,1,1,0,2,0.2,3,1,0,0,0
J. Shokalook,CHI,8,0,38,8,0,88,1,0,0,0,0,1,0,0,0,0
J. Arias,RSL,0,0,0,0,0,0,0,0,0,0,0,0,0,0,0,0
J. Bond,HOU,14,14,1215,0,0,75,0,0,0,1,0,1,3,0,0,0
Á. Augusto,DAL,0,0,0,0,0,0,0,0,0,0,0,0,0,0,0,0
D. Pinter,MIA,7,1,211,6,0,82,0,4,2,3,0.39,6,3,1,1,0
P. Lurot,SKC,0,0,0,0,0,0,0,0,0,0,0,0,0,0,0,0
P. Sisniega,SD,1,1,90,0,0,93,0,0,0,0,0,1,0,0,0,0
T. Calheira,SKC,10,3,265,7,0,76,1,8,5,2,1.22,3,3,3,1,0
S. Ibeagha,DAL,15,11,968,4,0,82,2,6,4,2,0.82,8,7,1,1,0
D. Baiera,NYC,3,0,21,3,0,77,0,0,0,0,0,1,0,0,0,0
Z. Taifi,ORL,10,3,335,7,0,74,2,6,3,3,0.42,3,10,0,0,0
H. Sulte,POR,0,0,0,0,0,0,0,0,0,0,0,0,0,0,0,0
T. Elgersma,LA,1,0,1,1,0,100,0,0,0,0,0,0,0,0,0,0
J. Jackson,SD,0,0,0,0,0,0,0,0,0,0,0,0,0,0,0,0
B. Lundt,STL,1,1,90,0,0,81,0,0,0,0,0,0,0,0,0,0
C. Togashi,ATL,6,1,90,5,0,89,0,2,1,2,0.48,1,0,2,0,0
B. Schwake,NSH,14,14,1260,0,0,77,0,0,0,1,0,1,0,0,1,0
A. Guboglo,MTL,1,1,63,0,0,58,0,0,0,0,0,1,0,0,0,0
A. Gill,ATL,0,0,0,0,0,0,0,0,0,0,0,0,0,0,0,0
B. Bronico,CLT,12,5,495,7,0,86,0,2,0,4,0.1,12,4,0,1,0
V. Costa,SJ,3,0,88,3,0,85,0,0,0,1,0,2,1,0,0,0
J. Tverskov,SD,10,9,846,1,0,89,2,4,1,10,0.54,10,13,0,1,0
T. Putt,MIN,1,0,4,1,0,100,0,0,0,0,0,0,0,0,0,0
G. Minoungou,SEA,3,2,151,1,0,83,0,3,2,1,0.12,3,2,1,0,0
S. Tanasijević,NYC,3,1,83,2,0,93,0,0,0,0,0,2,1,0,0,0
B. Vera,MTL,12,12,1007,0,0,77,0,12,5,3,0.69,15,7,0,4,1
A. Bedoya,PHI,8,1,197,7,0,61,3,5,2,6,0.72,6,1,1,1,0
M. Cuevas,LA,12,7,722,5,0,77,1,5,3,9,0.16,11,10,2,4,0
J. González,SJ,8,2,163,6,0,85,0,0,0,0,0,3,3,0,1,0
T. Majub,ATL,0,0,0,0,0,0,0,0,0,0,0,0,0,0,0,0
T. Parker,RBNY,7,4,416,3,0,87,0,1,0,0,0,3,2,0,1,0
T. Williams,NSH,0,0,0,0,0,0,0,0,0,0,0,0,0,0,0,0
M. Kerkvliet,RSL,0,0,0,0,0,0,0,0,0,0,0,0,0,0,0,0
L. Brennan,ATL,7,2,181,5,0,85,0,4,1,2,0.32,4,1,0,0,0
R. Ríos Novo,MIA,1,1,90,0,0,95,0,0,0,0,0,0,0,0,0,0
I. Smith,POR,11,1,313,10,0,87,0,3,1,3,0.21,6,3,1,3,0
M. Stajduhar,RSL,0,0,0,0,0,0,0,0,0,0,0,0,0,0,0,0
D. Gonzalez,HOU,0,0,0,0,0,0,0,0,0,0,0,0,0,0,0,0
I. James,SKC,10,8,754,2,0,87,0,3,1,4,0.35,7,2,1,0,0
B. Kikanovic,SJ,12,12,1020,0,0,75,0,5,1,10,0.49,12,10,1,4,0
S. Johnson,DC,15,15,1350,0,0,55,0,0,0,0,0,0,1,0,0,0
J. Shaffelburg,LAFC,6,2,224,4,0,78,2,5,1,8,0.35,2,4,0,0,0
N. Allen,MIA,12,10,759,2,0,90,2,1,0,3,0.02,7,4,0,2,0
P. Arriola,SEA,8,3,235,5,0,84,0,5,1,2,1.21,1,3,1,1,0
D. Vanney,LA,0,0,0,0,0,0,0,0,0,0,0,0,0,0,0,0
S. Heung-Min,LAFC,13,12,1043,1,0,90,9,40,9,31,3.58,5,18,5,1,0
J. Haak,LA,14,12,1091,2,0,91,2,7,1,6,0.58,14,11,1,2,0
N. Hansen,COL,6,6,540,0,0,86,0,0,0,0,0,0,5,0,0,0
D. Brekalo,ORL,11,9,797,2,0,88,0,6,1,0,0.5,14,5,0,2,0
A. Bono,DC,0,0,0,0,0,0,0,0,0,0,0,0,0,0,0,0
D. Barrow,TOR,0,0,0,0,0,0,0,0,0,0,0,0,0,0,0,0
J. Pantemis,POR,14,14,1260,0,0,78,0,0,0,1,0,1,2,0,1,0
A. Muyl,NSH,13,6,560,7,0,85,0,5,4,3,0.64,10,11,2,2,0
T. Rosborough,RBNY,5,0,61,5,0,73,0,4,2,0,0.29,1,1,0,0,0
B. Kamungo,DAL,6,6,512,0,0,80,2,5,1,7,0.34,8,9,0,0,0
C. Ronan,COL,6,2,198,4,0,85,1,2,0,5,0.04,2,2,0,1,0
J. Orozco,STL,9,9,714,0,0,91,0,2,0,5,0.12,14,6,1,3,0
W. Yarbrough,TOR,0,0,0,0,0,0,0,0,0,0,0,0,0,0,0,0
M. Miazga,CIN,9,7,573,2,0,89,2,4,2,1,0.61,8,3,0,4,0
A. Boudri,LAFC,4,0,76,4,0,91,0,4,2,2,0.5,2,2,0,0,0
K. Kim,SEA,1,1,63,0,0,90,0,0,0,0,0,1,0,0,0,0
T. Gillier,MTL,14,14,1260,0,0,75,0,0,0,0,0,1,5,0,3,0
L. Stefanović,TOR,6,1,193,5,0,89,0,2,0,1,0.26,2,0,0,1,0
J. Elliott,CHI,12,12,1027,0,0,87,2,10,0,4,0.79,12,3,1,3,0
D. Marczuk,RSL,8,1,183,7,0,68,0,2,0,1,0.12,3,8,1,1,0
R. Thomas,ATX,0,0,0,0,0,0,0,0,0,0,0,0,0,0,0,0
M. Navarro,COL,11,7,681,4,0,85,0,2,1,4,0.19,18,22,0,5,0
B. Rhein,ORL,1,0,1,1,0,0,0,0,0,0,0,0,0,0,0,0
P. Ndinga,PHI,6,3,220,3,0,77,0,3,1,2,0.15,9,4,0,1,0
R. Taylor,ATX,2,0,54,2,0,92,2,2,0,3,0.05,0,0,0,0,0
D. Lovitz,NSH,14,12,1090,2,0,82,1,4,1,7,0.83,19,9,0,3,0
J. Murrell,DC,8,0,67,8,0,44,1,0,0,2,0,2,1,1,1,0
C. Antley,DC,4,0,26,4,0,47,0,0,0,0,0,3,0,0,0,0
K. Hughes,NE,1,1,82,0,0,83,0,0,0,0,0,3,0,0,0,0
Z. Loyo Reynaga,SKC,0,0,0,0,0,0,0,0,0,0,0,0,0,0,0,0
H. Wingo,TOR,1,0,13,1,0,87,0,1,0,0,0.07,0,0,0,0,0
J. Alastuey,ATX,2,1,97,1,0,78,0,1,0,1,0.11,3,0,0,0,0
N. Djordjevic,VAN,2,0,14,2,0,70,0,1,0,0,0.15,1,0,0,0,0
S. Schonlau,VAN,1,0,25,1,0,100,0,1,0,0,0.05,2,0,0,0,0
E. Ponce,HOU,13,10,870,3,0,87,1,17,3,6,2.75,14,12,4,2,0
L. Morgan,SD,8,4,351,4,0,83,1,7,1,4,1.05,2,1,2,0,0
D. Las,ATX,0,0,0,0,0,0,0,0,0,0,0,0,0,0,0,0
E. Boateng,SD,0,0,0,0,0,0,0,0,0,0,0,0,0,0,0,0
A. Long,LAFC,4,4,262,0,0,95,1,1,1,1,0.2,3,0,0,1,0
S. Alzate,ATL,7,4,397,3,0,92,1,3,1,6,0.16,7,5,1,1,0
L. de la Torre,CLT,11,4,410,7,0,87,2,5,0,5,0.41,6,1,0,0,0
J. Diaz,MIN,13,13,1151,0,0,86,2,13,5,7,1.59,22,13,0,6,0
S. Zawadzki,CLB,15,15,1350,0,0,92,1,5,1,1,0.29,10,9,1,3,0
S. Donovan,SKC,1,0,1,1,0,100,0,0,0,0,0,0,0,0,0,0
R. Mosquera,RBNY,10,1,311,9,0,81,2,6,1,8,0.21,4,4,0,2,0
E. Bush,CLB,0,0,0,0,0,0,0,0,0,0,0,0,0,0,0,0
J. Osorio,TOR,14,14,1260,0,0,91,3,5,0,12,0.44,15,20,1,5,0
C. Baker,SEA,3,1,96,2,0,84,0,2,0,0,0.14,0,3,0,0,0
S. Hawkins,SEA,0,0,0,0,0,0,0,0,0,0,0,0,0,0,0,0
Y. Tsukada,ORL,2,0,22,2,0,89,0,0,0,0,0,2,2,0,0,0
J. Ngando,VAN,2,1,84,1,0,95,0,1,0,0,0.08,3,1,0,1,0
D. D’Avilla,CHI,13,10,901,3,0,89,1,8,2,3,0.47,18,13,0,5,0
C. Harper,RBNY,1,0,11,1,0,100,0,1,0,1,0.09,0,0,0,0,0
M. Collodi,DAL,13,13,1170,0,0,64,1,0,0,0,0,0,2,0,2,0
A. Aravena,POR,12,4,435,8,0,87,1,13,6,3,1.29,3,10,1,0,0
S. Vines,HOU,3,1,83,2,0,82,0,1,1,0,0.04,1,0,0,0,0
D. Samassékou,HOU,12,8,637,4,0,97,0,2,1,3,0.07,5,13,0,0,0
N. Tolo,SEA,13,13,1145,0,0,90,1,3,2,8,0.1,6,19,0,1,0
C. Brunet,NSH,3,0,53,3,0,98,0,0,0,0,0,0,1,0,0,0
A. Powell,CIN,7,1,154,6,0,82,1,0,0,2,0,2,5,0,0,1
A. Smoliakov,LAFC,5,2,176,3,0,83,0,2,0,1,0.14,5,4,0,1,0
D. Ayala,MIA,6,3,264,3,0,88,1,1,0,2,0.03,4,2,0,0,0
J. Yaro,STL,0,0,0,0,0,0,0,0,0,0,0,0,0,0,0,0
G. Sequera,PHI,1,1,82,0,0,62,0,1,0,0,0.02,4,6,0,0,0
A. Cubas,VAN,11,10,865,1,0,90,3,5,1,10,0.18,19,12,0,5,0
A. Blake,PHI,14,14,1260,0,0,76,0,0,0,1,0,0,1,0,0,0
J. Reynolds,SKC,8,4,315,4,0,83,1,2,1,7,0.26,1,4,0,0,0
Y. Takaoka,VAN,13,13,1144,0,0,80,1,0,0,1,0,1,5,0,0,1
P. Molinari,NYC,0,0,0,0,0,0,0,0,0,0,0,0,0,0,0,0
G. Ranjitsingh,NYC,0,0,0,0,0,0,0,0,0,0,0,0,0,0,0,0
M. Burton,ATX,2,0,18,2,0,100,0,2,0,0,0.42,0,0,0,0,0
J. Davis,SKC,13,12,1035,1,0,78,2,5,1,7,0.21,24,7,1,3,0
F. Mura,MIA,12,6,700,6,0,88,1,3,1,6,0.41,3,7,0,0,0
D. De Sousa Britto,SJ,15,14,1326,1,0,73,0,0,0,0,0,0,6,0,4,0
I. Boehmer,VAN,2,1,113,1,0,77,0,0,0,0,0,0,2,0,0,0
J. Sanabria,RSL,11,10,908,1,0,85,6,13,3,15,0.89,8,6,2,2,0
Y. Tsukanome,SEA,0,0,0,0,0,0,0,0,0,0,0,0,0,0,0,0
A. John,CLT,1,0,1,1,0,100,0,0,0,0,0,0,0,0,0,0
C. Fodrey,ATX,13,2,238,11,0,59,0,5,2,1,0.38,9,6,0,1,0
F. Surman,POR,14,14,1215,0,0,92,1,5,2,4,0.74,5,11,1,1,0
E. Klein,NE,5,0,20,5,0,93,0,0,0,0,0,0,1,0,0,0
K. Pierre,NYC,1,0,5,1,0,75,0,0,0,0,0,0,1,0,0,0
T. Martins,NYC,14,14,1241,0,0,92,0,2,0,1,0.48,3,2,0,0,0
I. Harkes,SJ,14,3,506,11,0,89,0,8,2,4,1.07,8,7,0,1,0
D. Parisian,NE,0,0,0,0,0,0,0,0,0,0,0,0,0,0,0,0
A. Marín,ORL,13,10,933,3,0,83,3,1,0,7,0.02,11,6,0,3,0
I. Angulo,ORL,15,14,1289,1,0,88,7,9,5,20,1.47,15,13,0,2,0
W. Reilly,ATL,4,3,218,1,0,88,0,0,0,2,0,3,2,0,1,0
R. Aloko,CLT,6,3,247,3,0,77,0,7,2,1,0.62,7,5,2,0,0
E. Alladoh,PHI,13,5,558,8,0,69,1,9,2,11,1.2,10,7,1,1,1
B. Ojeda,ORL,15,15,1337,0,0,90,1,11,0,10,0.57,19,32,0,1,0
F. Bank,TOR,1,0,12,1,0,75,0,0,0,0,0,0,0,0,0,0
T. Allende,MIA,9,4,432,5,0,72,1,8,4,6,1.12,6,3,3,2,0
D. Kerr,TOR,7,4,330,3,0,80,0,9,3,3,0.88,6,9,0,0,0
Z. Campagnolo,COL,0,0,0,0,0,0,0,0,0,0,0,0,0,0,0,0
D. Ferree,SD,13,12,1081,1,0,91,0,1,0,0,0.04,0,4,0,0,0
K. Acito,NYC,0,0,0,0,0,0,0,0,0,0,0,0,0,0,0,0
N. Santos,POR,0,0,0,0,0,0,0,0,0,0,0,0,0,0,0,0
H. Toffolo,CLT,10,10,799,0,0,88,3,5,2,7,0.16,7,13,0,2,0
C. Cupps,CHI,2,0,42,2,0,100,0,0,0,0,0,0,0,0,0,0
E. Atuesta,ORL,11,8,679,3,0,85,0,4,1,5,0.46,10,14,0,4,0
D. Nealis,RBNY,12,12,1055,0,0,87,0,3,0,2,0.3,15,16,0,2,0
R. Schewe,SKC,0,0,0,0,0,0,0,0,0,0,0,0,0,0,0,0
J. Rafanello,PHI,4,2,203,2,0,82,0,3,1,5,0.07,2,3,0,1,0
M. Jones,NYC,6,2,217,4,0,71,0,9,5,2,1.61,2,6,4,1,0
N. Adimabua,SJ,2,1,46,1,0,58,1,0,0,2,0,3,0,0,0,0
A. Resch,HOU,13,8,773,5,0,90,0,2,0,1,0.17,13,7,0,3,0
R. Voloder,RBNY,8,8,710,0,0,89,2,3,1,1,0.49,4,11,0,2,0
B. Hidalgo,MTL,4,2,254,2,0,78,1,1,0,1,0.02,1,4,0,0,0
A. De Rosario,TOR,0,0,0,0,0,0,0,0,0,0,0,0,0,0,0,0
O. Lingr,HOU,12,4,376,8,0,87,1,8,4,5,0.69,3,7,1,0,1
I. Pilcher,SD,8,2,164,6,0,91,0,0,0,0,0,3,2,0,2,0
M. Pereira,TOR,2,1,120,1,0,80,0,3,0,3,0.12,3,2,1,0,0
A. Harris,COL,4,1,94,3,0,76,0,3,2,1,0.47,2,3,1,0,0
S. Rogers,CHI,1,1,76,0,0,100,0,0,0,0,0,0,1,0,0,0
I. Parente,LA,2,0,14,2,0,75,0,0,0,0,0,1,0,0,0,0
J. Aude,LA,8,8,549,0,0,92,0,0,0,1,0,8,15,0,1,0
B. Vázquez,ATX,4,0,54,4,0,71,0,2,1,1,0.18,0,0,0,0,0
B. Stuver,ATX,15,15,1350,0,0,66,0,0,0,0,0,0,1,0,1,0
J. Berrocal,ATL,9,8,732,1,0,93,0,7,0,3,0.73,8,1,0,3,0
S. Kapor,TOR,0,0,0,0,0,0,0,0,0,0,0,0,0,0,0,0
A. Carlos,HOU,13,11,1034,2,0,92,1,5,1,3,0.56,7,2,0,0,1
B. Servania,DC,14,14,1195,0,0,76,2,13,5,9,0.46,11,16,0,2,0
B. Ramírez,CIN,14,13,1123,1,0,87,3,13,3,20,0.44,22,6,0,6,0
R. Celentano,CIN,13,13,1170,0,0,79,0,0,0,0,0,3,0,0,0,0
N. Hagen,CLB,0,0,0,0,0,0,0,0,0,0,0,0,0,0,0,0
A. Roldan,SEA,11,9,739,2,0,86,0,5,1,7,0.12,5,9,0,2,0
C. dos Santos,SD,2,2,179,0,0,82,0,0,0,0,0,0,0,0,0,0
E. Bartlow,SKC,10,9,772,1,0,83,0,3,1,3,0.18,7,5,0,1,0
D. Chambost,CLB,12,9,768,3,0,90,3,7,1,19,0.22,10,3,0,2,0
C. Ondo,POR,0,0,0,0,0,0,0,0,0,0,0,0,0,0,0,0
G. Dillon,RSL,8,3,319,5,0,87,0,4,2,6,0.47,4,9,0,1,0
K. Sargeant,SD,8,6,438,2,0,86,1,2,0,4,0.08,3,2,0,0,0
V. Silva,HOU,0,0,0,0,0,0,0,0,0,0,0,0,0,0,0,0
H. Kessler,CLT,0,0,0,0,0,0,0,0,0,0,0,0,0,0,0,0
B. Raines,NE,13,13,1140,0,0,92,0,2,1,4,0.15,37,20,0,5,0
N. Petković,SEA,4,2,136,2,0,88,0,5,2,1,0.57,3,2,0,2,0
J. Barea,RSL,3,0,16,3,0,100,0,1,0,0,0.08,0,3,0,0,0
A. Nájar,NSH,11,9,757,2,0,86,5,2,1,12,0.52,10,8,0,3,0
A. Godoy,SD,14,10,798,4,0,94,2,1,0,3,0.05,15,18,1,3,0
O. Svatok,ATX,14,14,1239,0,0,89,0,4,2,2,0.39,10,8,0,1,0
R. Porteous,LAFC,13,11,1068,2,0,89,0,10,1,6,0.85,9,9,0,3,0
M. Djordjević,ATX,2,0,41,2,0,88,0,0,0,0,0,0,1,0,0,0
R. Holding,COL,13,12,980,1,0,90,0,4,1,4,0.78,5,0,1,1,1
S. Wathuta,COL,0,0,0,0,0,0,0,0,0,0,0,0,0,0,0,0
D. Callender,MIN,15,15,1350,0,0,61,0,0,0,1,0,0,1,0,0,0
R. Jansson,ORL,9,9,753,0,0,88,2,0,0,0,0,4,1,0,1,0
E. Segura,LAFC,13,13,1118,0,0,92,0,1,1,8,0.07,11,2,2,3,0
R. Chukwu,TOR,0,0,0,0,0,0,0,0,0,0,0,0,0,0,0,0
J. Caicedo,POR,7,7,504,0,0,89,1,4,1,4,0.21,5,11,0,1,0
G. Pirani,DC,7,6,474,1,0,84,0,6,2,5,0.47,10,12,0,1,0
J. De Coteau,COL,0,0,0,0,0,0,0,0,0,0,0,0,0,0,0,0
M. Jakupovic,PHI,4,0,59,4,0,67,0,0,0,0,0,1,0,0,0,0
M. Corcoran,NSH,11,8,715,3,0,90,0,6,2,4,0.29,10,6,0,2,0
R. Mitchell,RBNY,3,0,27,3,0,63,0,2,1,1,0.04,0,1,0,0,0
S. Jura,POR,0,0,0,0,0,0,0,0,0,0,0,0,0,0,0,0
M. Boxall,MIN,7,5,396,2,0,95,1,1,0,0,0.05,5,3,0,0,0
J. Willis,NSH,0,0,0,0,0,0,0,0,0,0,0,0,0,0,0,0
Y. Bright,MIA,12,11,962,1,0,92,2,4,1,9,0.25,19,16,0,4,1
D. Chará,POR,10,5,543,5,0,93,1,1,0,5,0.02,6,9,0,2,0
B. Gillingham,HOU,0,0,0,0,0,0,0,0,0,0,0,0,0,0,0,0
E. Wynder,LA,14,8,722,6,0,90,0,7,0,7,1.35,10,7,0,2,0
A. Zendejas,VAN,0,0,0,0,0,0,0,0,0,0,0,0,0,0,0,0
J. Gallagher,ATX,15,13,1189,2,0,82,1,9,3,11,1.22,15,18,3,1,0
J. Gunn,NE,0,0,0,0,0,0,0,0,0,0,0,0,0,0,0,0
B. Thompson,DAL,0,0,0,0,0,0,0,0,0,0,0,0,0,0,0,0
S. Reid,NYC,10,0,76,10,0,73,0,2,1,2,0.41,2,2,1,0,0
Y. Cheberko,CLB,3,0,83,3,0,92,0,0,0,0,0,1,0,0,0,0
C. Sanchez,ATL,13,12,940,1,0,87,4,9,2,8,1.09,22,6,0,4,0
J. Miller,SKC,8,4,405,4,0,81,0,1,1,0,0.28,12,8,0,2,0
D. St. Clair,MIA,14,14,1260,0,0,83,0,0,0,1,0,1,0,0,3,0
J. Placias,LA,0,0,0,0,0,0,0,0,0,0,0,0,0,0,0,0
D. Padelford,MIN,12,4,493,8,0,82,1,2,2,1,0.24,6,6,1,0,0
M. Turner,NE,14,14,1260,0,0,72,0,0,0,0,0,0,4,0,1,0
S. Hefti,DC,14,14,1220,0,0,73,3,4,0,10,0.72,17,8,0,3,0
N. Akhundzada,CLB,6,0,31,6,0,95,0,0,0,0,0,1,0,1,0,0
T. Romero,NYC,0,0,0,0,0,0,0,0,0,0,0,0,0,0,0,0
P. Stroud,MIN,0,0,0,0,0,0,0,0,0,0,0,0,0,0,0,0
C. Ruvalcaba,CLB,0,0,0,0,0,0,0,0,0,0,0,0,0,0,0,0
T. Hasal,LAFC,3,3,210,0,0,88,0,0,0,0,0,0,0,0,0,0
M. Caldeira,MIN,1,0,7,1,0,67,0,0,0,0,0,0,0,1,0,0
O. Larraz,VAN,9,2,196,7,0,88,0,2,0,5,0.08,9,4,1,3,0
C. Rindov,LA,1,0,1,1,0,50,0,0,0,0,0,0,0,0,0,0
A. Salétros,CHI,12,12,1056,0,0,87,2,10,2,19,0.4,16,1,0,3,0
P. Marie,SJ,11,2,224,9,0,79,4,2,0,8,0.27,2,4,0,0,0
A. Coello,TOR,14,12,1029,2,0,83,4,6,2,28,0.2,20,15,0,3,0
E. Miller,POR,0,0,0,0,0,0,0,0,0,0,0,0,0,0,0,0
V. Radojević,CHI,6,1,115,5,0,77,0,1,0,2,0.08,8,6,0,2,0
M. Chisholm,TOR,2,0,65,2,0,83,0,0,0,0,0,2,1,0,0,0
R. Camacho,CLB,15,14,1267,1,0,93,0,7,4,2,1.01,19,3,0,4,0
J. Lukic,PHI,14,12,1042,2,0,83,1,8,0,15,0.57,21,4,0,4,0
T. Hadebe,CIN,7,3,272,4,0,89,0,2,0,2,0.14,2,1,0,1,0
G. Caraballo,ORL,0,0,0,0,0,0,0,0,0,0,0,0,0,0,0,0
I. Losenko,MTL,0,0,0,0,0,0,0,0,0,0,0,0,0,0,0,0
D. Sumalla,MIA,0,0,0,0,0,0,0,0,0,0,0,0,0,0,0,0
M. Robinson,CIN,9,8,607,1,0,85,0,3,2,1,0.69,9,2,0,1,1
R. Louis,DAL,1,0,17,1,0,80,0,0,0,0,0,2,0,0,0,0
W. Meyer,SKC,11,10,878,1,0,89,0,2,0,0,0.15,1,4,2,1,0
N. Streit,MTL,11,4,425,7,0,82,1,9,3,7,0.95,8,1,2,0,0
R. Fisher,TOR,0,0,0,0,0,0,0,0,0,0,0,0,0,0,0,0
S. Nealis,DC,4,1,63,3,0,82,0,0,0,0,0,2,0,0,0,0
R. Cannon,COL,6,4,307,2,0,91,0,1,1,2,0.03,6,4,0,2,0
M. Polster,NE,9,7,539,2,0,90,0,3,0,0,0.22,7,6,1,1,0
J. Mussenden,NE,0,0,0,0,0,0,0,0,0,0,0,0,0,0,0,0
S. Piette,MTL,10,6,497,4,0,87,0,1,1,6,0.02,12,6,0,3,0
P. Quinton,RSL,11,8,765,3,0,89,2,2,0,2,0.28,4,4,0,1,0
M. Freese,NYC,15,15,1350,0,0,80,0,1,0,0,0.08,0,4,0,0,0
K. Hiebert,STL,0,0,0,0,0,0,0,0,0,0,0,0,0,0,0,0
E. Kohler,NE,10,9,812,1,0,95,0,4,1,0,0.84,6,4,0,1,0
J. Knight,NSH,2,0,6,2,0,67,0,0,0,1,0,1,0,0,0,0
M. Pineda,CHI,9,5,447,4,0,93,0,4,0,3,0.33,7,8,0,0,0
K. Kurokawa,DC,15,15,1338,0,0,78,3,4,2,12,0.38,12,7,1,3,0
L. Abada,CLT,9,4,360,5,0,84,2,10,6,8,0.91,6,2,2,1,0
O. Presthus,CLB,1,1,60,0,0,77,0,0,0,1,0,0,1,0,0,0
B. Hlongwane,MIN,10,4,412,6,0,81,0,6,1,6,0.53,3,2,3,0,0
R. Gustavo,NYC,14,10,951,4,0,87,0,8,2,1,0.65,9,8,0,4,0
A. Gomes,CLB,9,9,683,0,0,91,1,7,1,4,0.28,14,9,0,1,0
T. Ream,CLT,11,11,945,0,0,94,1,1,0,1,0.07,5,6,0,0,0
S. Junqua,RSL,12,6,641,6,0,88,1,2,1,3,0.03,9,4,0,2,0
C. Harvey,MIN,4,1,97,3,0,93,0,0,0,0,0,2,0,0,0,0
