Playing Time,,,,Performance,,,,,,,,Per 90 Minutes,,,,,,,,,,,,
Rk,Player,Nation,Pos,Squad,Age,Born,MP,Starts,Min,90s,Gls,Ast,G+A,G-PK,PK,PKatt,CrdY,CrdR,Gls,Ast,G+A,G-PK,G+A-PK,Matches
1,Myenty Abena,sr SUR,DF,Gaziantep FK,30,1994,24,21,"1,926",21.4,1,1,2,1,0,0,2,1,0.05,0.05,0.09,0.05,0.09,Matches
2,Tammy Abraham,eng ENG,FW,Beşiktaş,27,1997,18,15,"1,247",13.9,7,1,8,6,1,2,3,0,0.51,0.07,0.58,0.43,0.51,Matches
3,Yaw Ackah,gh GHA,MF,Kayserispor,26,1999,3,2,184,2,0,0,0,0,0,0,0,0,0,0,0,0,0,Matches
4,Emmanuel Agbadou,ci CIV,DF,Beşiktaş,28,1997,13,12,"1,091",12.1,1,1,2,1,0,0,4,0,0.08,0.08,0.16,0.08,0.16,Matches
5,Dan Agyei,gh GHA,"MF,FW",Kocaelispor,28,1997,31,23,"2,122",23.6,5,0,5,5,0,0,1,0,0.21,0,0.21,0.21,0.21,Matches
6,Youssef Aït Bennasser,ma MAR,"MF,DF",Kayserispor,29,1996,21,19,"1,468",16.3,0,0,0,0,0,0,7,0,0,0,0,0,0,Matches
7,Samet Akaydın,tr TUR,DF,Rizespor,31,1994,29,29,"2,566",28.5,3,1,4,3,0,0,11,1,0.11,0.04,0.14,0.11,0.14,Matches
8,Emre Akbaba,tr TUR,"MF,FW",Eyüpspor,32,1992,23,10,992,11,4,0,4,3,1,1,3,0,0.36,0,0.36,0.27,0.27,Matches
9,Halil Akbunar,tr TUR,"MF,FW",Eyüpspor,31,1993,12,6,507,5.6,2,0,2,2,0,0,1,0,0.36,0,0.36,0.36,0.36,Matches
10,Yusuf Akçiçek,tr TUR,DF,Fenerbahçe,19,2006,1,1,90,1,0,0,0,0,0,0,0,0,0,0,0,0,0,Matches
11,Ümit Akdag,ro ROU,DF,Alanyaspor,21,2003,30,30,"2,621",29.1,1,2,3,1,0,0,8,0,0.03,0.07,0.1,0.03,0.1,Matches
12,Tuğbey Akgün,tr TUR,MF,Fatih Karagümrük,22,2003,1,0,5,0.1,0,0,0,0,0,0,0,0,0,0,0,0,0,Matches
13,Yunus Akgün,tr TUR,MF,Galatasaray,25,2000,28,23,"1,813",20.1,7,9,16,7,0,0,1,0,0.35,0.45,0.79,0.35,0.79,Matches
14,Gökhan Akkan,tr TUR,GK,Gençlerbirliği,30,1995,4,4,360,4,0,0,0,0,0,0,1,0,0,0,0,0,0,Matches
15,Muhammet Akmelek,,FW,Gaziantep FK,16,2009,1,0,13,0.1,0,0,0,0,0,0,1,0,0,0,0,0,0,Matches
16,Fatih Aksoy,tr TUR,"DF,MF",Alanyaspor,27,1997,18,9,840,9.3,0,0,0,0,0,0,3,0,0,0,0,0,0,Matches
17,Kerem Aktürkoğlu,tr TUR,"MF,FW",Fenerbahçe,26,1998,29,24,"1,950",21.7,8,7,15,7,1,1,3,0,0.37,0.32,0.69,0.32,0.65,Matches
18,Kaan Akyazi,,FW,Konyaspor,19,2005,5,0,25,0.3,0,0,0,0,0,0,0,0,0,0,0,0,0,Matches
19,Ufuk Akyol,de GER,MF,Konyaspor,27,1997,1,0,2,0,0,0,0,0,0,0,0,0,0,0,0,0,0,Matches
20,Enes Albak,tr TUR,DF,Samsunspor,20,2005,3,0,27,0.3,0,0,0,0,0,0,0,0,0,0,0,0,0,Matches
21,Danijel Aleksić,rs SRB,MF,Konyaspor,34,1991,3,3,195,2.2,1,0,1,1,0,0,0,0,0.46,0,0.46,0.46,0.46,Matches
22,Ömer Ali Şahiner,tr TUR,DF,Başakşehir,33,1992,26,22,"1,836",20.4,2,0,2,2,0,0,5,0,0.1,0,0.1,0.1,0.1,Matches
23,Xusniddin Aliqulov,uz UZB,DF,Rizespor,26,1999,7,5,426,4.7,0,0,0,0,0,0,4,0,0,0,0,0,0,Matches
24,Fidan Aliti,xk KVX,DF,Alanyaspor,31,1993,30,30,"2,672",29.7,0,1,1,0,0,0,10,0,0,0.03,0.03,0,0.03,Matches
25,Jim Allevinah,ga GAB,MF,Kasımpaşa,30,1995,8,3,248,2.8,1,0,1,1,0,0,2,0,0.36,0,0.36,0.36,0.36,Matches
Rk,Player,Nation,Pos,Squad,Age,Born,MP,Starts,Min,90s,Gls,Ast,G+A,G-PK,PK,PKatt,CrdY,CrdR,Gls,Ast,G+A,G-PK,G+A-PK,Matches
26,Barış Alper Yılmaz,tr TUR,"MF,FW",Galatasaray,25,2000,30,27,"2,306",25.6,8,11,19,5,3,3,7,0,0.31,0.43,0.74,0.2,0.62,Matches
27,Taha Altıkardeş,tr TUR,DF,Göztepe,21,2003,28,15,"1,383",15.4,1,0,1,1,0,0,0,0,0.07,0,0.07,0.07,0.07,Matches
28,Metehan Altunbaş,tr TUR,"MF,FW",Eyüpspor,22,2003,18,12,"1,000",11.1,7,0,7,6,1,1,5,0,0.63,0,0.63,0.54,0.54,Matches
29,Edson Álvarez,mx MEX,MF,Fenerbahçe,27,1997,12,10,762,8.5,0,1,1,0,0,0,4,0,0,0.12,0.12,0,0.12,Matches
30,Michael Amir Murillo,pa PAN,DF,Beşiktaş,29,1996,12,11,958,10.6,1,1,2,1,0,0,4,0,0.09,0.09,0.19,0.09,0.19,Matches
31,Sofyan Amrabat,ma MAR,MF,Fenerbahçe,28,1996,2,1,97,1.1,0,0,0,0,0,0,0,0,0,0,0,0,0,Matches
32,Charles André Raux,fr FRA,MF,Eyüpspor,23,2001,15,5,503,5.6,2,0,2,2,0,0,3,0,0.36,0,0.36,0.36,0.36,Matches
33,Yhoan Andzouana,cg CGO,"DF,MF",Konyaspor,28,1996,31,29,"2,615",29.1,2,4,6,2,0,0,3,0,0.07,0.14,0.21,0.07,0.21,Matches
34,Seyfettin Anıl Yaşar,tr TUR,DF,Eyüpspor,23,2002,5,4,355,3.9,0,0,0,0,0,0,1,1,0,0,0,0,0,Matches
35,Taylan Antalyalı,tr TUR,MF,Rizespor,30,1995,28,15,"1,301",14.5,0,0,0,0,0,0,4,0,0,0,0,0,0,Matches
36,Alexis Antunes,ch SUI,MF,Göztepe,25,2000,13,8,690,7.7,1,1,2,1,0,0,2,0,0.13,0.13,0.26,0.13,0.26,Matches
37,Aaron Appindangoyé,ga GAB,DF,Kocaelispor,33,1992,4,4,315,3.5,0,0,0,0,0,0,0,0,0,0,0,0,0,Matches
38,Adam Arous,tn TUN,DF,Kasımpaşa,21,2004,21,19,"1,670",18.6,1,0,1,1,0,0,2,0,0.05,0,0.05,0.05,0.05,Matches
39,Marco Asensio,es ESP,MF,Fenerbahçe,29,1996,25,22,"1,871",20.8,11,12,23,11,0,0,2,0,0.53,0.58,1.11,0.53,1.11,Matches
40,Kristjan Asllani,al ALB,MF,Beşiktaş,23,2002,14,11,895,9.9,2,2,4,0,2,2,0,1,0.2,0.2,0.4,0,0.2,Matches
41,Yaser Asprilla,co COL,MF,Galatasaray,21,2003,7,1,159,1.8,0,0,0,0,0,0,0,0,0,0,0,0,0,Matches
42,Kouadou Assoumou,fr FRA,"MF,FW",Samsunspor,22,2002,6,5,366,4.1,1,0,1,1,0,0,0,0,0.25,0,0.25,0.25,0.25,Matches
43,Felipe Augusto,br BRA,"MF,FW",Trabzonspor,21,2004,32,26,"2,185",24.3,13,0,13,13,0,0,1,0,0.54,0,0.54,0.54,0.54,Matches
44,Loide Augusto,ao ANG,"MF,FW",Rizespor,25,2000,21,14,"1,160",12.9,3,2,5,3,0,0,5,0,0.23,0.16,0.39,0.23,0.39,Matches
45,Furkan Ayaz,,,Gençlerbirliği,15,2009,3,0,20,0.2,0,0,0,0,0,0,0,0,0,0,0,0,0,Matches
46,Egemen Aydın,tr TUR,GK,Konyaspor,18,2007,1,0,6,0.1,0,0,0,0,0,0,0,0,0,0,0,0,0,Matches
47,Eyüp Aydın,tr TUR,MF,Samsunspor,20,2004,6,4,326,3.6,0,0,0,0,0,0,1,0,0,0,0,0,0,Matches
48,Eyüp Aydın,tr TUR,MF,Kasımpaşa,20,2004,4,0,76,0.8,0,0,0,0,0,0,0,0,0,0,0,0,0,Matches
49,Oğuz Aydın,tr TUR,"MF,DF",Fenerbahçe,24,2000,21,5,651,7.2,0,2,2,0,0,0,2,0,0,0.28,0.28,0,0.28,Matches
50,Taylan Aydın,tr TUR,DF,Kasımpaşa,19,2006,2,0,8,0.1,0,0,0,0,0,0,0,0,0,0,0,0,0,Matches
Rk,Player,Nation,Pos,Squad,Age,Born,MP,Starts,Min,90s,Gls,Ast,G+A,G-PK,PK,PKatt,CrdY,CrdR,Gls,Ast,G+A,G-PK,G+A-PK,Matches
51,Soner Aydoğdu,tr TUR,MF,Samsunspor,34,1991,8,0,105,1.2,0,0,0,0,0,0,0,0,0,0,0,0,0,Matches
52,Kaan Ayhan,tr TUR,"MF,DF",Galatasaray,30,1994,19,2,394,4.4,1,0,1,1,0,0,1,0,0.23,0,0.23,0.23,0.23,Matches
53,Ousseynou Ba,sn SEN,DF,Başakşehir,29,1995,17,10,"1,094",12.2,0,0,0,0,0,0,7,1,0,0,0,0,0,Matches
54,Mame Baba Thiam,sn SEN,"FW,MF",Eyüpspor,32,1992,14,13,"1,178",13.1,2,0,2,2,0,0,4,0,0.15,0,0.15,0.15,0.15,Matches
55,Shavy Babicka,ga GAB,"MF,FW",Fatih Karagümrük,25,2000,15,10,856,9.5,1,1,2,1,0,0,0,0,0.11,0.11,0.21,0.11,0.21,Matches
56,Juninho Bacuna,cw CUW,MF,Gaziantep FK,27,1997,9,2,219,2.4,0,0,0,0,0,0,1,0,0,0,0,0,0,Matches
57,Bünyamin Balcı,tr TUR,DF,Antalyaspor,25,2000,33,25,"2,349",26.1,0,4,4,0,0,0,5,0,0,0.15,0.15,0,0.15,Matches
58,Jure Balkovec,si SVN,DF,Fatih Karagümrük,30,1994,17,17,"1,511",16.8,0,0,0,0,0,0,7,1,0,0,0,0,0,Matches
59,Samuel Ballet,ch SUI,"MF,FW",Antalyaspor,24,2001,24,17,"1,721",19.1,5,0,5,5,0,0,10,0,0.26,0,0.26,0.26,0.26,Matches
60,Botond Balogh,hu HUN,DF,Kocaelispor,23,2002,21,18,"1,657",18.4,0,0,0,0,0,0,6,0,0,0,0,0,0,Matches
61,Metehan Baltacı,tr TUR,DF,Galatasaray,22,2002,2,0,26,0.3,0,0,0,0,0,0,0,0,0,0,0,0,0,Matches
62,Rayyan Baniya,,DF,Konyaspor,26,1999,3,1,130,1.4,0,0,0,0,0,0,0,0,0,0,0,0,0,Matches
63,Rayyan Baniya,,DF,Trabzonspor,26,1999,6,1,218,2.4,0,0,0,0,0,0,0,0,0,0,0,0,0,Matches
64,Yusuf Barasi,tr TUR,MF,Kasımpaşa,22,2003,8,3,275,3.1,0,0,0,0,0,0,2,0,0,0,0,0,0,Matches
65,Abdülkerim Bardakcı,tr TUR,DF,Galatasaray,30,1994,30,30,"2,541",28.2,0,1,1,0,0,0,5,0,0,0.04,0.04,0,0.04,Matches
66,Enis Bardhi,mk MKD,MF,Konyaspor,30,1995,32,23,"2,052",22.8,5,4,9,3,2,2,5,1,0.22,0.18,0.39,0.13,0.31,Matches
67,Boran Başkan,tr TUR,DF,Trabzonspor,19,2006,3,1,93,1,0,0,0,0,0,0,0,0,0,0,0,0,0,Matches
68,Arsenii Batahov,ua UKR,DF,Trabzonspor,23,2002,24,24,"2,115",23.5,0,2,2,0,0,0,1,0,0,0.09,0.09,0,0.09,Matches
69,Bilal Bayazit,nl NED,GK,Kayserispor,26,1999,28,28,"2,520",28,0,0,0,0,0,0,5,0,0,0,0,0,0,Matches
70,Furkan Bayır,tr TUR,DF,Göztepe,25,2000,9,4,338,3.8,0,0,0,0,0,0,2,0,0,0,0,0,0,Matches
71,Ogün Bayrak,,"MF,DF",Göztepe,26,1998,16,7,554,6.2,0,1,1,0,0,0,1,0,0,0.16,0.16,0,0.16,Matches
72,Riechedly Bazoer,cw CUW,"DF,MF",Konyaspor,28,1996,15,10,924,10.3,0,0,0,0,0,0,7,1,0,0,0,0,0,Matches
73,Rodrigo Becão,br BRA,DF,Fenerbahçe,29,1996,1,0,7,0.1,0,0,0,0,0,0,0,0,0,0,0,0,0,Matches
74,Rodrigo Becão,br BRA,DF,Kasımpaşa,29,1996,13,13,"1,112",12.4,0,1,1,0,0,0,4,1,0,0.08,0.08,0,0.08,Matches
75,Efkan Bekiroğlu,,MF,Göztepe,29,1995,25,14,"1,062",11.8,3,3,6,3,0,0,3,0,0.25,0.25,0.51,0.25,0.51,Matches
Rk,Player,Nation,Pos,Squad,Age,Born,MP,Starts,Min,90s,Gls,Ast,G+A,G-PK,PK,PKatt,CrdY,CrdR,Gls,Ast,G+A,G-PK,G+A-PK,Matches
76,Furkan Bekleviç,tr TUR,GK,Fatih Karagümrük,26,1999,2,2,180,2,0,0,0,0,0,0,0,0,0,0,0,0,0,Matches
77,Mortadha Ben Ouanes,tn TUN,MF,Kasımpaşa,31,1994,28,26,"2,272",25.2,2,6,8,2,0,0,8,1,0.08,0.24,0.32,0.08,0.32,Matches
78,Adrian Benedyczak,pl POL,"FW,MF",Kasımpaşa,24,2000,14,14,"1,155",12.8,10,1,11,7,3,3,1,0,0.78,0.08,0.86,0.55,0.62,Matches
79,László Bénes,sk SVK,MF,Kayserispor,27,1997,32,29,"2,577",28.6,7,2,9,7,0,1,3,1,0.24,0.07,0.31,0.24,0.31,Matches
80,El Bilal Touré,ml MLI,"MF,FW",Beşiktaş,23,2001,22,19,"1,647",18.3,5,4,9,5,0,0,4,1,0.27,0.22,0.49,0.27,0.49,Matches
81,Tayfur Bingöl,tr TUR,"MF,FW",Kocaelispor,32,1993,30,23,"2,121",23.6,5,2,7,5,0,0,7,0,0.21,0.08,0.3,0.21,0.3,Matches
82,Davide Biraschi,it ITA,DF,Fatih Karagümrük,31,1994,14,14,"1,144",12.7,0,0,0,0,0,0,1,0,0,0,0,0,0,Matches
83,Morten Bjørlo,no NOR,MF,Konyaspor,29,1995,28,14,"1,335",14.8,0,3,3,0,0,0,4,0,0,0.2,0.2,0,0.2,Matches
84,Emmanuel Boateng,gh GHA,FW,Gaziantep FK,29,1996,11,4,472,5.2,1,0,1,1,0,0,2,0,0.19,0,0.19,0.19,0.19,Matches
85,Sacha Boey,fr FRA,DF,Galatasaray,24,2000,11,6,561,6.2,1,0,1,1,0,0,0,0,0.16,0,0.16,0.16,0.16,Matches
86,Malcom Bokélé,cm CMR,DF,Göztepe,25,2000,30,30,"2,648",29.4,3,0,3,2,1,1,10,1,0.1,0,0.1,0.07,0.07,Matches
87,Yohan Boli,ci CIV,FW,Antalyaspor,31,1993,21,8,883,9.8,2,1,3,2,0,0,0,0,0.2,0.1,0.31,0.2,0.31,Matches
88,Toni Borevkovic,hr CRO,DF,Samsunspor,28,1997,18,10,"1,139",12.7,1,0,1,1,0,0,2,0,0.08,0,0.08,0.08,0.08,Matches
89,Arif Boşluk,,DF,Trabzonspor,22,2003,13,2,370,4.1,0,0,0,0,0,0,0,0,0,0,0,0,0,Matches
90,Arif Boşluk,,DF,Konyaspor,22,2003,12,9,772,8.6,0,0,0,0,0,0,3,0,0,0,0,0,0,Matches
91,Melih Bostan,tr TUR,FW,Konyaspor,21,2004,10,0,120,1.3,0,0,0,0,0,0,0,0,0,0,0,0,0,Matches
92,Salem Bouajila,fi FIN,FW,Göztepe,17,2007,4,0,17,0.2,0,0,0,0,0,0,1,0,0,0,0,0,0,Matches
93,Benjamin Bouchouari,ma MAR,MF,Trabzonspor,23,2001,17,6,620,6.9,0,0,0,0,0,0,1,1,0,0,0,0,0,Matches
94,Umut Bozok,tr TUR,FW,Eyüpspor,28,1996,32,23,"2,102",23.4,6,6,12,4,2,2,4,0,0.26,0.26,0.51,0.17,0.43,Matches
95,Joshua Brenet,cw CUW,"DF,MF",Kayserispor,31,1994,11,9,798,8.9,0,2,2,0,0,0,1,0,0,0.23,0.23,0,0.23,Matches
96,Ivan Brnić,hr CRO,MF,Başakşehir,23,2001,28,7,945,10.5,4,3,7,4,0,0,0,0,0.38,0.29,0.67,0.38,0.67,Matches
97,Archie Brown,eng ENG,"DF,MF",Fenerbahçe,23,2002,25,17,"1,533",17,3,2,5,3,0,0,5,0,0.18,0.12,0.29,0.18,0.29,Matches
98,İsmail Buğa,,MF,Konyaspor,18,2006,4,1,113,1.3,0,0,0,0,0,0,0,0,0,0,0,0,0,Matches
99,Tahsin Bülbül,,MF,Samsunspor,19,2006,3,1,84,0.9,0,0,0,0,0,0,1,0,0,0,0,0,0,Matches
100,Muhamed Buljubasic,ba BIH,MF,Rizespor,21,2004,23,7,796,8.8,0,0,0,0,0,0,1,0,0,0,0,0,0,Matches
Rk,Player,Nation,Pos,Squad,Age,Born,MP,Starts,Min,90s,Gls,Ast,G+A,G-PK,PK,PKatt,CrdY,CrdR,Gls,Ast,G+A,G-PK,G+A-PK,Matches
101,Emrecan Bulut,,"MF,FW",Rizespor,23,2002,19,6,590,6.6,1,2,3,1,0,0,1,0,0.15,0.31,0.46,0.15,0.46,Matches
102,Onur Bulut,tr TUR,DF,Başakşehir,31,1994,18,9,979,10.9,0,1,1,0,0,0,1,0,0,0.09,0.09,0,0.09,Matches
103,Taylan Bulut,de GER,DF,Beşiktaş,19,2006,7,5,445,4.9,0,0,0,0,0,0,0,0,0,0,0,0,0,Matches
104,Abdulsamet Burak,,DF,Kayserispor,29,1996,8,5,375,4.2,0,0,0,0,0,0,3,0,0,0,0,0,0,Matches
105,Mustafa Burak Bozan,,GK,Gaziantep FK,24,2000,14,14,"1,233",13.7,0,1,1,0,0,0,2,1,0,0.07,0.07,0,0.07,Matches
106,Cafú,pt POR,MF,Kasımpaşa,32,1993,25,15,"1,326",14.7,0,1,1,0,0,0,6,2,0,0.07,0.07,0,0.07,Matches
107,Oğulcan Çağlayan,tr TUR,FW,Kocaelispor,29,1996,4,2,196,2.2,0,0,0,0,0,0,1,0,0,0,0,0,0,Matches
108,Uğurcan Çakır,tr TUR,GK,Galatasaray,29,1996,25,25,"2,250",25,0,0,0,0,0,0,4,0,0,0,0,0,0,Matches
109,Uğurcan Çakır,tr TUR,GK,Trabzonspor,29,1996,4,4,360,4,0,0,0,0,0,0,0,0,0,0,0,0,0,Matches
110,Onuralp Çakiroğlu,tr TUR,FW,Trabzonspor,17,2007,2,0,26,0.3,0,0,0,0,0,0,0,0,0,0,0,0,0,Matches
111,Lucas Calegari,br BRA,"DF,MF",Eyüpspor,23,2002,22,19,"1,613",17.9,1,2,3,1,0,0,1,0,0.06,0.11,0.17,0.06,0.17,Matches
112,Josip Čalušić,hr CRO,DF,Konyaspor,31,1993,8,2,298,3.3,0,0,0,0,0,0,1,0,0,0,0,0,0,Matches
113,João Pedro Gomes Camacho,pt POR,MF,Fatih Karagümrük,31,1994,8,3,319,3.5,0,0,0,0,0,0,1,0,0,0,0,0,0,Matches
114,Drissa Camara,ci CIV,MF,Gaziantep FK,23,2002,26,21,"1,732",19.2,3,6,9,3,0,0,6,1,0.16,0.31,0.47,0.16,0.47,Matches
115,İrfan Can Eğribayat,tr TUR,GK,Samsunspor,27,1998,3,3,270,3,0,0,0,0,0,0,0,0,0,0,0,0,0,Matches
116,İrfan Can Eğribayat,tr TUR,GK,Fenerbahçe,27,1998,3,3,270,3,0,0,0,0,0,0,0,0,0,0,0,0,0,Matches
117,Mesut Can Tunalı,,MF,Kocaelispor,24,2001,1,0,45,0.5,0,0,0,0,0,0,0,0,0,0,0,0,0,Matches
118,Cihan Çanak,tr TUR,MF,Gençlerbirliği,20,2005,14,2,443,4.9,0,0,0,0,0,0,0,0,0,0,0,0,0,Matches
119,Cihan Çanak,tr TUR,MF,Trabzonspor,20,2005,4,0,42,0.5,0,0,0,0,0,0,0,0,0,0,0,0,0,Matches
120,Atakan Çankaya,tr TUR,DF,Fatih Karagümrük,27,1998,17,17,"1,530",17,1,1,2,1,0,0,3,0,0.06,0.06,0.12,0.06,0.12,Matches
121,Erdem Canpolat,de GER,GK,Rizespor,24,2001,7,7,630,7,0,0,0,0,0,0,2,0,0,0,0,0,0,Matches
122,Miguel Filipe Nunes Cardoso,pt POR,"MF,FW",Kayserispor,31,1994,32,32,"2,852",31.7,2,6,8,2,0,0,6,0,0.06,0.19,0.25,0.06,0.25,Matches
123,Lionel Carole,fr FRA,DF,Kayserispor,34,1991,24,23,"1,900",21.1,0,0,0,0,0,0,3,0,0,0,0,0,0,Matches
124,Ebrima Ceesay,gm GAM,FW,Samsunspor,19,2006,1,0,8,0.1,0,0,0,0,0,0,0,0,0,0,0,0,0,Matches
125,Jesper Ceesay,gm GAM,MF,Antalyaspor,23,2001,31,22,"2,143",23.8,0,0,0,0,0,0,4,0,0,0,0,0,0,Matches
Rk,Player,Nation,Pos,Squad,Age,Born,MP,Starts,Min,90s,Gls,Ast,G+A,G-PK,PK,PKatt,CrdY,CrdR,Gls,Ast,G+A,G-PK,G+A-PK,Matches
126,Cihat Çelik,nl NED,MF,Kocaelispor,29,1996,2,0,13,0.1,0,0,0,0,0,0,0,0,0,0,0,0,0,Matches
127,İzzet Çelik,tr TUR,MF,Alanyaspor,21,2004,13,0,175,1.9,0,0,0,0,0,0,0,0,0,0,0,0,0,Matches
128,Yiğit Çeltik,tr TUR,MF,Kayserispor,22,2003,1,0,19,0.2,0,0,0,0,0,0,0,0,0,0,0,0,0,Matches
129,Václav Černý,cz CZE,MF,Beşiktaş,27,1997,30,25,"1,991",22.1,5,8,13,5,0,0,1,0,0.23,0.36,0.59,0.23,0.59,Matches
130,Tarık Çetin,tr TUR,GK,Fenerbahçe,28,1997,2,2,180,2,0,0,0,0,0,0,1,0,0,0,0,0,0,Matches
131,Onuralp Çevikkan,tr TUR,GK,Trabzonspor,19,2006,1,1,90,1,0,0,0,0,0,0,0,0,0,0,0,0,0,Matches
132,Fyodor Chalov,ru RUS,"FW,MF",Kayserispor,27,1998,14,9,854,9.5,2,1,3,2,0,0,1,0,0.21,0.11,0.32,0.21,0.32,Matches
133,Muhammed Cham,at AUT,MF,Trabzonspor,24,2000,1,0,5,0.1,0,0,0,0,0,0,0,0,0,0,0,0,0,Matches
134,Sidiki Cherif,fr FRA,FW,Fenerbahçe,18,2006,12,7,647,7.2,2,0,2,2,0,0,0,0,0.28,0,0.28,0.28,0.28,Matches
135,Amine Cherni,tn TUN,MF,Göztepe,24,2001,34,34,"2,996",33.3,0,4,4,0,0,0,1,0,0,0.12,0.12,0,0.12,Matches
136,Darko Churlinov,mk MKD,"MF,FW",Kocaelispor,25,2000,26,12,"1,059",11.8,0,3,3,0,0,0,2,0,0,0.25,0.25,0,0.25,Matches
137,Kayra Cihan,tr TUR,DF,Kayserispor,17,2007,4,1,96,1.1,0,0,0,0,0,0,0,0,0,0,0,0,0,Matches
138,Mirza Cihan,,FW,Gaziantep FK,24,2000,3,0,25,0.3,0,0,0,0,0,0,0,0,0,0,0,0,0,Matches
139,Muharrem Cinan,,DF,Kocaelispor,27,1998,10,4,404,4.5,0,0,0,0,0,0,2,0,0,0,0,0,0,Matches
140,Anıl Çınar,,DF,Fatih Karagümrük,22,2003,16,11,"1,103",12.3,2,0,2,2,0,0,4,0,0.16,0,0.16,0.16,0.16,Matches
141,Ramazan Civelek,tr TUR,"DF,MF",Kayserispor,29,1996,30,25,"2,141",23.8,0,2,2,0,0,0,7,0,0,0.08,0.08,0,0.08,Matches
142,Luccas Claro,br BRA,DF,Eyüpspor,33,1991,17,16,"1,417",15.7,1,0,1,1,0,0,3,0,0.06,0,0.06,0.06,0.06,Matches
143,Omer Çobanoglu,,MF,Konyaspor,18,2007,1,0,1,0,0,0,0,0,0,0,0,0,0,0,0,0,0,Matches
144,Kamil Çörekçi,tr TUR,DF,Kasımpaşa,33,1992,9,9,763,8.5,0,0,0,0,0,0,4,0,0,0,0,0,0,Matches
145,Nuno da Costa,cv CPV,"MF,FW",Başakşehir,34,1991,26,8,906,10.1,3,1,4,3,0,0,3,0,0.3,0.1,0.4,0.3,0.4,Matches
146,Tanguy Coulibaly,fr FRA,MF,Samsunspor,24,2001,13,9,741,8.2,2,0,2,2,0,0,4,0,0.24,0,0.24,0.24,0.24,Matches
147,Crespo,pt POR,MF,Başakşehir,28,1996,19,12,"1,100",12.2,0,5,5,0,0,0,3,0,0,0.41,0.41,0,0.41,Matches
148,Kevin Csoboth,hu HUN,FW,Gençlerbirliği,25,2000,5,0,50,0.6,0,0,0,0,0,0,0,0,0,0,0,0,0,Matches
149,Yiğithan Çubukcu,,MF,Trabzonspor,16,2008,1,0,11,0.1,0,0,0,0,0,0,0,0,0,0,0,0,0,Matches
150,Julián Cuesta,es ESP,GK,Antalyaspor,34,1991,20,20,"1,800",20,0,0,0,0,0,0,4,0,0,0,0,0,0,Matches
Rk,Player,Nation,Pos,Squad,Age,Born,MP,Starts,Min,90s,Gls,Ast,G+A,G-PK,PK,PKatt,CrdY,CrdR,Gls,Ast,G+A,G-PK,G+A-PK,Matches
151,Tiago Çukur,tr TUR,"FW,MF",Fatih Karagümrük,22,2002,28,15,"1,543",17.1,2,3,5,2,0,0,3,0,0.12,0.17,0.29,0.12,0.29,Matches
152,Tomáš Čvančara,cz CZE,FW,Antalyaspor,24,2000,11,6,525,5.8,1,0,1,1,0,0,1,0,0.17,0,0.17,0.17,0.17,Matches
153,Ahmet Dağdevir,,MF,Konyaspor,18,2007,1,0,25,0.3,0,0,0,0,0,0,0,0,0,0,0,0,0,Matches
154,David Datro Fofana,ci CIV,FW,Fatih Karagümrük,22,2002,13,10,982,10.9,6,0,6,6,0,1,0,0,0.55,0,0.55,0.55,0.55,Matches
155,Sergio Antonio De Luiz Junior,br BRA,"MF,FW",Fatih Karagümrük,30,1995,32,26,"2,180",24.2,8,1,9,8,0,0,2,0,0.33,0.04,0.37,0.33,0.37,Matches
156,Gökhan Değirmenci,tr TUR,GK,Kocaelispor,36,1989,10,9,855,9.5,0,0,0,0,0,0,1,0,0,0,0,0,0,Matches
157,Tom Dele-Bashiru,ng NGA,MF,Gençlerbirliği,25,1999,28,26,"2,360",26.2,0,1,1,0,0,0,1,0,0,0.04,0.04,0,0.04,Matches
158,Dilhan Demir,de GER,MF,Gençlerbirliği,22,2003,6,1,102,1.1,0,0,0,0,0,0,1,0,0,0,0,0,0,Matches
159,Mete-Kaan Demir,tr TUR,FW,Eyüpspor,27,1998,1,0,1,0,0,0,0,0,0,0,0,0,0,0,0,0,0,Matches
160,Yusuf Demir,at AUT,MF,Galatasaray,22,2003,1,0,29,0.3,0,0,0,0,0,0,0,0,0,0,0,0,0,Matches
161,Adil Demirbağ,tr TUR,DF,Konyaspor,27,1997,24,24,"2,085",23.2,2,2,4,2,0,0,10,0,0.09,0.09,0.17,0.09,0.17,Matches
162,Kerem Demirbay,de GER,MF,Kasımpaşa,32,1993,11,9,762,8.5,1,0,1,1,0,0,5,2,0.12,0,0.12,0.12,0.12,Matches
163,Kerem Demirbay,de GER,MF,Eyüpspor,32,1993,16,16,"1,410",15.7,0,0,0,0,0,0,4,0,0,0,0,0,0,Matches
164,Ali Demirbilek,tr TUR,FW,Antalyaspor,16,2009,1,0,1,0,0,0,0,0,0,0,0,0,0,0,0,0,0,Matches
165,Alper Demirol,se SWE,MF,Fatih Karagümrük,22,2002,3,1,72,0.8,0,0,0,0,0,0,0,0,0,0,0,0,0,Matches
166,Anthony Dennis,ng NGA,MF,Göztepe,21,2004,31,29,"2,458",27.3,3,0,3,3,0,0,9,0,0.11,0,0.11,0.11,0.11,Matches
167,Stefano Denswil,sr SUR,DF,Kayserispor,32,1993,31,31,"2,721",30.2,1,0,1,1,0,0,3,0,0.03,0,0.03,0.03,0.03,Matches
168,Halil Dervişoğlu,tr TUR,FW,Rizespor,25,1999,21,7,859,9.5,1,0,1,1,0,0,4,0,0.1,0,0.1,0.1,0.1,Matches
169,Ersin Destanoğlu,tr TUR,GK,Beşiktaş,24,2001,25,25,"2,250",25,0,0,0,0,0,0,4,0,0,0,0,0,0,Matches
170,Ali Diabaté,ci CIV,DF,Samsunspor,18,2006,6,3,210,2.3,0,1,1,0,0,0,2,0,0,0.43,0.43,0,0.43,Matches
171,Fousseni Diabaté,ml MLI,MF,Kasımpaşa,29,1995,27,21,"1,970",21.9,1,4,5,1,0,0,1,0,0.05,0.18,0.23,0.05,0.23,Matches
172,Ousmane Dıabate,gn GUI,MF,Gençlerbirliği,17,2007,4,2,207,2.3,0,0,0,0,0,0,1,0,0,0,0,0,0,Matches
173,Anfernee Dijksteel,sr SUR,DF,Kocaelispor,28,1996,32,28,"2,689",29.9,0,0,0,0,0,0,2,0,0,0,0,0,0,Matches
174,Soner Dikmen,tr TUR,MF,Antalyaspor,31,1993,28,25,"2,148",23.9,4,0,4,4,0,0,9,0,0.17,0,0.17,0.17,0.17,Matches
175,Deniz Dilmen,tr TUR,GK,Başakşehir,20,2005,1,1,90,1,0,0,0,0,0,0,0,0,0,0,0,0,0,Matches
Rk,Player,Nation,Pos,Squad,Age,Born,MP,Starts,Min,90s,Gls,Ast,G+A,G-PK,PK,PKatt,CrdY,CrdR,Gls,Ast,G+A,G-PK,G+A-PK,Matches
176,Landry Dimata,be BEL,"MF,FW",Samsunspor,27,1997,2,2,130,1.4,0,0,0,0,0,0,0,0,0,0,0,0,0,Matches
177,Sokratis Dioudis,gr GRE,GK,Gaziantep FK,32,1993,1,0,24,0.3,0,0,0,0,0,0,0,0,0,0,0,0,0,Matches
178,Novatus Dismas,tz TAN,MF,Göztepe,22,2002,32,24,"2,256",25.1,2,2,4,1,1,1,10,0,0.08,0.08,0.16,0.04,0.12,Matches
179,Tiago Djaló,pt POR,DF,Beşiktaş,25,2000,18,16,"1,464",16.3,2,0,2,2,0,0,4,0,0.12,0,0.12,0.12,0.12,Matches
180,Alexander Djiku,gh GHA,"DF,MF",Fenerbahçe,30,1994,1,0,1,0,0,0,0,0,0,0,0,0,0,0,0,0,0,Matches
181,Ahmet Doğan Yıldırım,,GK,Trabzonspor,18,2006,1,0,84,0.9,0,0,0,0,0,0,1,0,0,0,0,0,0,Matches
182,Marius Doh,ci CIV,MF,Fatih Karagümrük,21,2003,17,12,"1,013",11.3,0,0,0,0,0,0,2,1,0,0,0,0,0,Matches
183,Deniz Donmezer,,GK,Kayserispor,16,2008,2,2,180,2,0,0,0,0,0,0,0,0,0,0,0,0,0,Matches
184,Nene Dorgeles,ml MLI,MF,Fenerbahçe,22,2002,25,16,"1,464",16.3,9,3,12,9,0,0,3,0,0.55,0.18,0.74,0.55,0.74,Matches
185,Denis Drăguș,ro ROU,FW,Gaziantep FK,26,1999,11,3,330,3.7,0,1,1,0,0,0,0,0,0,0.27,0.27,0,0.27,Matches
186,Denis Drăguș,ro ROU,"MF,FW",Eyüpspor,26,1999,12,10,873,9.7,0,0,0,0,0,0,3,0,0,0,0,0,0,Matches
187,Rick van Drongelen,nl NED,DF,Samsunspor,26,1998,32,31,"2,823",31.4,2,1,3,2,0,0,5,0,0.06,0.03,0.1,0.06,0.1,Matches
188,Léo Duarte,br BRA,DF,Başakşehir,29,1996,26,26,"2,303",25.6,0,1,1,0,0,0,5,0,0,0.04,0.04,0,0.04,Matches
189,Tibet Durakçay,,FW,Göztepe,19,2006,1,0,1,0,0,0,0,0,0,0,0,0,0,0,0,0,0,Matches
190,Jáder Durán,co COL,FW,Fenerbahçe,21,2003,10,6,542,6,3,2,5,3,0,0,2,0,0.5,0.33,0.83,0.5,0.83,Matches
191,Abdurrahim Dursun,tr TUR,"DF,MF",Gençlerbirliği,26,1998,17,7,667,7.4,0,1,1,0,0,0,2,0,0,0.13,0.13,0,0.13,Matches
192,Serdar Dursun,tr TUR,FW,Kocaelispor,33,1991,28,16,"1,531",17,6,2,8,4,2,2,3,0,0.35,0.12,0.47,0.24,0.35,Matches
193,Georgi Dzhikiya,ru RUS,DF,Antalyaspor,31,1993,15,13,"1,154",12.8,2,0,2,2,0,0,3,0,0.16,0,0.16,0.16,0.16,Matches
194,Festy Ebosele,ie IRL,DF,Başakşehir,22,2002,14,9,688,7.6,0,0,0,0,0,0,4,2,0,0,0,0,0,Matches
195,Ederson,br BRA,GK,Fenerbahçe,31,1993,24,24,"2,131",23.7,0,0,0,0,0,0,8,1,0,0,0,0,0,Matches
196,Yiğit Efe Demir,tr TUR,DF,Fenerbahçe,20,2004,14,6,678,7.5,0,0,0,0,0,0,3,0,0,0,0,0,0,Matches
197,Demir Ege Tıknaz,tr TUR,MF,Beşiktaş,20,2004,10,2,316,3.5,0,1,1,0,0,0,2,0,0,0.28,0.28,0,0.28,Matches
198,Meschak Elia,cd COD,"MF,FW",Alanyaspor,27,1997,22,8,819,9.1,3,0,3,3,0,0,1,0,0.33,0,0.33,0.33,0.33,Matches
199,Eren Elmalı,tr TUR,"DF,MF",Galatasaray,25,2000,25,16,"1,526",17,3,0,3,3,0,0,3,0,0.18,0,0.18,0.18,0.18,Matches
200,Bartuğ Elmaz,tr TUR,MF,Fenerbahçe,22,2003,5,0,100,1.1,0,0,0,0,0,0,1,0,0,0,0,0,0,Matches
Rk,Player,Nation,Pos,Squad,Age,Born,MP,Starts,Min,90s,Gls,Ast,G+A,G-PK,PK,PKatt,CrdY,CrdR,Gls,Ast,G+A,G-PK,G+A-PK,Matches
201,Bartuğ Elmaz,tr TUR,MF,Fatih Karagümrük,22,2003,16,11,"1,044",11.6,1,0,1,1,0,0,1,0,0.09,0,0.09,0.09,0.09,Matches
202,Emersonn,br BRA,FW,Göztepe,21,2004,3,1,125,1.4,1,0,1,1,0,0,0,0,0.72,0,0.72,0.72,0.72,Matches
203,Yunus Emre Çift,tr TUR,"MF,DF",Samsunspor,21,2003,22,9,751,8.3,0,0,0,0,0,0,4,0,0,0,0,0,0,Matches
204,Taha Emre İnce,tr TUR,DF,Trabzonspor,18,2007,1,0,11,0.1,0,0,0,0,0,0,0,0,0,0,0,0,0,Matches
205,Ali Emre Yanar,,GK,Kasımpaşa,27,1998,1,1,90,1,0,0,0,0,0,0,0,0,0,0,0,0,0,Matches
206,Youssef En-Nesyri,ma MAR,FW,Fenerbahçe,28,1997,16,11,"1,006",11.2,7,0,7,7,0,0,1,0,0.63,0,0.63,0.63,0.63,Matches
207,Mehmet Eray Özbek,,MF,Kayserispor,22,2003,8,0,134,1.5,0,0,0,0,0,0,1,0,0,0,0,0,0,Matches
208,Erhan Erentürk,tr TUR,GK,Gençlerbirliği,30,1995,7,7,630,7,0,0,0,0,0,0,2,0,0,0,0,0,0,Matches
209,Onur Ergün,tr TUR,MF,Başakşehir,32,1992,19,3,372,4.1,0,1,1,0,0,0,1,0,0,0.24,0.24,0,0.24,Matches
210,Muzaffer Eriş,,DF,Konyaspor,19,2006,3,2,152,1.7,0,0,0,0,0,0,0,0,0,0,0,0,0,Matches
211,Burhan Ersoy,,MF,Fatih Karagümrük,22,2003,1,0,4,0,0,0,0,0,0,0,0,0,0,0,0,0,0,Matches
212,Deniz Ertaş,tr TUR,GK,Konyaspor,20,2005,12,12,"1,074",11.9,0,1,1,0,0,0,2,0,0,0.08,0.08,0,0.08,Matches
213,Oğuzhan Ertem,tr TUR,MF,Trabzonspor,17,2008,1,0,25,0.3,0,0,0,0,0,0,0,0,0,0,0,0,0,Matches
214,Ricardo Esgaio,pt POR,DF,Fatih Karagümrük,32,1993,26,24,"2,179",24.2,0,0,0,0,0,0,3,0,0,0,0,0,0,Matches
215,Mustafa Eskihellaç,tr TUR,"DF,MF",Trabzonspor,28,1997,29,27,"2,315",25.7,0,4,4,0,0,0,7,1,0,0.16,0.16,0,0.16,Matches
216,Jhon Espinoza,ec ECU,"DF,MF",Kasımpaşa,26,1999,10,6,558,6.2,0,0,0,0,0,0,4,0,0,0,0,0,0,Matches
217,Oghenekaro Etebo,ng NGA,MF,Gençlerbirliği,29,1995,1,1,41,0.5,0,0,0,0,0,0,0,0,0,0,0,0,0,Matches
218,Mamadou Fall,sn SEN,"MF,FW",Kasımpaşa,33,1991,20,14,"1,165",12.9,0,0,0,0,0,0,1,0,0,0,0,0,0,Matches
219,Andri Fannar Baldursson,is ISL,MF,Kasımpaşa,23,2002,31,31,"2,713",30.1,0,1,1,0,0,0,8,0,0,0.03,0.03,0,0.03,Matches
220,Ömer Faruk Beyaz,tr TUR,MF,Başakşehir,21,2003,3,0,28,0.3,0,0,0,0,0,0,0,0,0,0,0,0,0,Matches
221,Abbosbek Fayzullayev,uz UZB,MF,Başakşehir,21,2003,20,14,"1,103",12.3,3,3,6,3,0,0,4,0,0.24,0.24,0.49,0.24,0.49,Matches
222,Marcos Felipe,br BRA,GK,Eyüpspor,29,1996,19,19,"1,710",19,0,0,0,0,0,0,0,0,0,0,0,0,0,Matches
223,Ohis Felix Uduokhai,de GER,DF,Beşiktaş,27,1997,15,12,"1,126",12.5,0,0,0,0,0,0,4,0,0,0,0,0,0,Matches
224,Yahia Fofana,ci CIV,GK,Rizespor,24,2000,27,27,"2,430",27,0,1,1,0,0,0,2,0,0,0.04,0.04,0,0.04,Matches
225,Fred,br BRA,MF,Fenerbahçe,32,1993,30,15,"1,478",16.4,3,4,7,3,0,0,3,0,0.18,0.24,0.43,0.18,0.43,Matches
Rk,Player,Nation,Pos,Squad,Age,Born,MP,Starts,Min,90s,Gls,Ast,G+A,G-PK,PK,PKatt,CrdY,CrdR,Gls,Ast,G+A,G-PK,G+A-PK,Matches
226,Godfried Frimpong,nl NED,DF,Kasımpaşa,26,1999,27,25,"2,194",24.4,0,1,1,0,0,0,1,0,0,0.04,0.04,0,0.04,Matches
227,Karamba Gassama,gm GAM,"MF,FW",Gaziantep FK,20,2005,15,5,560,6.2,0,1,1,0,0,0,0,0,0,0.16,0.16,0,0.16,Matches
228,Furkan Gedik,,MF,Kocaelispor,23,2002,6,0,39,0.4,0,0,0,0,0,0,0,0,0,0,0,0,0,Matches
229,Baran Gezek,tr TUR,MF,Eyüpspor,19,2005,17,15,"1,385",15.4,0,0,0,0,0,0,1,0,0,0,0,0,0,Matches
230,Lautaro Gianetti,ar ARG,DF,Antalyaspor,31,1993,29,20,"1,800",20,1,1,2,1,0,0,6,0,0.05,0.05,0.1,0.05,0.1,Matches
231,Andreas Gianniotis,gr GRE,GK,Kasımpaşa,32,1992,33,33,"2,970",33,1,0,1,1,0,0,4,0,0.03,0,0.03,0.03,0.03,Matches
232,Victor Gidado,ng NGA,MF,Gaziantep FK,21,2004,11,5,522,5.8,0,0,0,0,0,0,2,0,0,0,0,0,0,Matches
233,Allan Godói,br BRA,DF,Göztepe,32,1993,27,20,"1,858",20.6,0,2,2,0,0,0,2,0,0,0.1,0.1,0,0.1,Matches
234,Diogo Gonçalves,pt POR,"MF,FW",Konyaspor,28,1997,7,2,224,2.5,2,0,2,2,0,0,1,0,0.8,0,0.8,0.8,0.8,Matches
235,Soner Gönül,tr TUR,"DF,MF",Samsunspor,28,1997,17,8,814,9,0,0,0,0,0,0,4,0,0,0,0,0,0,Matches
236,Zafer Görgen,,GK,Gaziantep FK,25,2000,20,20,"1,800",20,0,0,0,0,0,0,3,0,0,0,0,0,0,Matches
237,Dimitris Goutas,gr GRE,DF,Gençlerbirliği,31,1994,33,33,"2,905",32.3,3,0,3,3,0,0,5,0,0.09,0,0.09,0.09,0.09,Matches
238,Andre Gray,jm JAM,FW,Fatih Karagümrük,34,1991,12,6,525,5.8,0,0,0,0,0,0,0,0,0,0,0,0,0,Matches
239,Ivo Grbić,hr CRO,GK,Fatih Karagümrük,29,1996,32,32,"2,880",32,0,0,0,0,0,0,3,0,0,0,0,0,0,Matches
240,Mattéo Guendouzi,fr FRA,MF,Fenerbahçe,26,1999,15,15,"1,317",14.6,1,1,2,1,0,0,4,0,0.07,0.07,0.14,0.07,0.14,Matches
241,Bachir Gueye,sn SEN,FW,Antalyaspor,22,2003,2,1,90,1,2,0,2,2,0,0,1,0,2,0,2,2,2,Matches
242,Semih Güler,,DF,Kayserispor,30,1994,17,15,"1,381",15.3,0,0,0,0,0,0,2,0,0,0,0,0,0,Matches
243,Semih Güler,,DF,Gaziantep FK,30,1994,14,7,767,8.5,0,0,0,0,0,0,1,0,0,0,0,0,0,Matches
244,Ömer Gümüş,,MF,Fatih Karagümrük,22,2003,2,0,73,0.8,0,0,0,0,0,0,0,0,0,0,0,0,0,Matches
245,İlkay Gündoğan,de GER,MF,Galatasaray,34,1990,24,15,"1,387",15.4,2,3,5,2,0,0,1,0,0.13,0.19,0.32,0.13,0.32,Matches
246,Can Güner,ar ARG,FW,Galatasaray,17,2008,1,0,1,0,0,0,0,0,0,0,0,0,0,0,0,0,0,Matches
247,Umut Güneş,tr TUR,MF,Başakşehir,25,2000,28,25,"1,999",22.2,1,0,1,1,0,0,3,0,0.05,0,0.05,0.05,0.05,Matches
248,Bahadır Güngördü,,GK,Konyaspor,27,1997,22,22,"1,980",22,0,0,0,0,0,0,3,0,0,0,0,0,0,Matches
249,Mert Günok,tr TUR,GK,Beşiktaş,36,1989,8,8,720,8,0,0,0,0,0,0,0,0,0,0,0,0,0,Matches
250,Mert Günok,tr TUR,GK,Fenerbahçe,36,1989,5,4,386,4.3,0,0,0,0,0,0,0,0,0,0,0,0,0,Matches
Rk,Player,Nation,Pos,Squad,Age,Born,MP,Starts,Min,90s,Gls,Ast,G+A,G-PK,PK,PKatt,CrdY,CrdR,Gls,Ast,G+A,G-PK,G+A-PK,Matches
251,Hamza Güreler,tr TUR,DF,Başakşehir,19,2006,6,1,152,1.7,0,0,0,0,0,0,0,0,0,0,0,0,0,Matches
252,Serdar Gürler,tr TUR,"MF,DF",Eyüpspor,33,1991,17,16,"1,281",14.2,0,0,0,0,0,0,2,0,0,0,0,0,0,Matches
253,Gökdeniz Gürpüz,tr TUR,MF,Galatasaray,19,2006,1,0,1,0,0,0,0,0,0,0,0,0,0,0,0,0,0,Matches
254,Göktan Gürpüz,de GER,MF,Gençlerbirliği,22,2003,29,25,"1,920",21.3,0,5,5,0,0,0,2,0,0,0.23,0.23,0,0.23,Matches
255,Günay Güvenç,tr TUR,GK,Galatasaray,34,1991,9,9,737,8.2,0,0,0,0,0,0,2,1,0,0,0,0,0,Matches
256,Pape Habib Guèye,sn SEN,FW,Kasımpaşa,25,1999,26,16,"1,554",17.3,5,0,5,5,0,1,5,1,0.29,0,0.29,0.29,0.29,Matches
257,Florent Hadergjonaj,xk KVX,MF,Alanyaspor,31,1994,29,25,"2,211",24.6,6,9,15,3,3,3,4,0,0.24,0.37,0.61,0.12,0.49,Matches
258,Ianis Hagi,ro ROU,"MF,FW",Alanyaspor,26,1998,26,16,"1,402",15.6,3,2,5,3,0,0,4,0,0.19,0.13,0.32,0.19,0.32,Matches
259,Massadio Haïdara,ml MLI,DF,Kocaelispor,32,1992,23,21,"1,813",20.1,0,1,1,0,0,0,5,0,0,0.05,0.05,0,0.05,Matches
260,Haris Hajradinović,ba BIH,MF,Kasımpaşa,31,1994,7,7,552,6.1,2,0,2,1,1,1,2,0,0.33,0,0.33,0.16,0.16,Matches
261,Matěj Hanousek,cz CZE,DF,Gençlerbirliği,32,1993,22,14,"1,356",15.1,0,0,0,0,0,0,1,0,0,0,0,0,0,Matches
262,Amine Harit,ma MAR,MF,Başakşehir,28,1997,24,20,"1,555",17.3,2,3,5,2,0,0,3,0,0.12,0.17,0.29,0.12,0.29,Matches
263,Mustafa Hekimoğlu,tr TUR,FW,Beşiktaş,18,2007,17,3,385,4.3,1,0,1,1,0,0,2,0,0.23,0,0.23,0.23,0.23,Matches
264,Héliton,br BRA,DF,Göztepe,29,1995,32,32,"2,870",31.9,0,1,1,0,0,0,10,1,0,0.03,0.03,0,0.03,Matches
265,Carlo Holse,dk DEN,MF,Samsunspor,26,1999,31,29,"2,600",28.9,8,3,11,8,0,0,1,0,0.28,0.1,0.38,0.28,0.38,Matches
266,Majid Hosseini,ir IRN,DF,Kayserispor,29,1996,3,3,270,3,0,0,0,0,0,0,1,0,0,0,0,0,0,Matches
267,Oh Hyeon-gyu,kr KOR,FW,Beşiktaş,24,2001,13,12,"1,084",12,6,1,7,6,0,0,2,0,0.5,0.08,0.58,0.5,0.58,Matches
268,Casper Højer Nielsen,dk DEN,DF,Rizespor,30,1994,32,32,"2,702",30,0,1,1,0,0,0,6,0,0,0.03,0.03,0,0.03,Matches
269,Melih Ibrahimoglu,tr TUR,MF,Konyaspor,25,2000,29,27,"2,274",25.3,1,1,2,1,0,0,2,0,0.04,0.04,0.08,0.04,0.08,Matches
270,Mücahit Ibrahimoglu,at AUT,MF,Konyaspor,20,2005,2,0,2,0,0,0,0,0,0,0,0,0,0,0,0,0,0,Matches
271,Mauro Icardi,ar ARG,FW,Galatasaray,32,1993,31,12,"1,327",14.7,14,1,15,13,1,1,1,0,0.95,0.07,1.02,0.88,0.95,Matches
272,Hasan İlçin,tr TUR,MF,Antalyaspor,16,2009,4,3,169,1.9,0,0,0,0,0,0,0,0,0,0,0,0,0,Matches
273,Ahmed Ildiz,tr TUR,MF,Göztepe,28,1996,7,0,50,0.6,0,0,0,0,0,0,1,0,0,0,0,0,0,Matches
274,Christ Inao Oulaï,ci CIV,MF,Trabzonspor,19,2006,25,24,"2,067",23,2,4,6,2,0,0,9,0,0.09,0.17,0.26,0.09,0.26,Matches
275,Tim Jabol-Folcarelli,fr FRA,MF,Trabzonspor,25,1999,27,27,"2,327",25.9,0,3,3,0,0,0,4,0,0,0.12,0.12,0,0.12,Matches
Rk,Player,Nation,Pos,Squad,Age,Born,MP,Starts,Min,90s,Gls,Ast,G+A,G-PK,PK,PKatt,CrdY,CrdR,Gls,Ast,G+A,G-PK,G+A-PK,Matches
276,Ismail Jakobs,sn SEN,DF,Galatasaray,25,1999,25,15,"1,301",14.5,0,1,1,0,0,0,1,0,0,0.07,0.07,0,0.07,Matches
277,Janderson,br BRA,FW,Göztepe,26,1999,32,30,"2,451",27.2,6,3,9,6,0,1,8,0,0.22,0.11,0.33,0.22,0.33,Matches
278,Nicolas Janvier,fr FRA,MF,Alanyaspor,26,1998,26,17,"1,532",17,1,1,2,1,0,0,3,0,0.06,0.06,0.12,0.06,0.12,Matches
279,Jeferson Jeh,br BRA,FW,Göztepe,25,1999,16,4,488,5.4,2,0,2,1,1,1,3,0,0.37,0,0.37,0.18,0.18,Matches
280,Marko Jevtović,rs SRB,"MF,DF",Konyaspor,32,1993,21,13,"1,178",13.1,0,0,0,0,0,0,4,0,0,0,0,0,0,Matches
281,Jo Jinho,kr KOR,"MF,DF",Konyaspor,22,2003,20,12,"1,103",12.3,1,1,2,1,0,0,5,0,0.08,0.08,0.16,0.08,0.16,Matches
282,Daniel Johnson,jm JAM,MF,Fatih Karagümrük,32,1992,17,11,"1,014",11.3,1,3,4,1,0,0,4,0,0.09,0.27,0.36,0.09,0.36,Matches
283,Aleksandar Jovanović,rs SRB,GK,Kocaelispor,32,1992,18,18,"1,575",17.5,0,0,0,0,0,0,3,0,0,0,0,0,0,Matches
284,Gideon Jung,de GER,"MF,DF",Kayserispor,30,1994,4,4,303,3.4,0,0,0,0,0,0,1,0,0,0,0,0,0,Matches
285,David Jurásek,cz CZE,DF,Beşiktaş,24,2000,10,7,638,7.1,0,0,0,0,0,0,0,0,0,0,0,0,0,Matches
286,Václav Jurečka,cz CZE,"FW,MF",Rizespor,31,1994,12,5,467,5.2,1,0,1,1,0,0,2,0,0.19,0,0.19,0.19,0.19,Matches
287,Uğur Kaan Yıldız,tr TUR,DF,Göztepe,22,2002,9,0,80,0.9,0,0,0,0,0,0,0,0,0,0,0,0,0,Matches
288,Yusuf Kabadayı,de GER,"MF,FW",Gaziantep FK,21,2004,17,5,612,6.8,1,0,1,1,0,0,6,0,0.15,0,0.15,0.15,0.15,Matches
289,Melih Kabasakal,,"MF,DF",Gaziantep FK,29,1996,24,17,"1,409",15.7,1,1,2,1,0,0,8,0,0.06,0.06,0.13,0.06,0.13,Matches
290,Melih Kabasakal,,MF,Eyüpspor,29,1996,3,1,105,1.2,0,0,0,0,0,0,0,0,0,0,0,0,0,Matches
291,Muhammed Kadıoğlu,tr TUR,DF,Fatih Karagümrük,18,2007,9,6,590,6.6,0,0,0,0,0,0,1,0,0,0,0,0,0,Matches
292,İrfan Kahveci,tr TUR,MF,Fenerbahçe,30,1995,8,2,285,3.2,0,0,0,0,0,0,0,0,0,0,0,0,0,Matches
293,İrfan Kahveci,tr TUR,MF,Kasımpaşa,30,1995,16,16,"1,365",15.2,2,3,5,2,0,0,5,0,0.13,0.2,0.33,0.13,0.33,Matches
294,Barış Kalayci,tr TUR,MF,Fatih Karagümrük,19,2005,29,15,"1,311",14.6,1,3,4,1,0,0,4,0,0.07,0.21,0.27,0.07,0.27,Matches
295,Ali Kalın,,FW,Gaziantep FK,17,2008,3,0,47,0.5,0,0,0,0,0,0,0,0,0,0,0,0,0,Matches
296,Tarık Kalpaklı,tr TUR,MF,Fatih Karagümrük,16,2009,11,2,280,3.1,0,0,0,0,0,0,1,0,0,0,0,0,0,Matches
297,Kubilay Kanatsızkuş,tr TUR,FW,Kasımpaşa,28,1997,21,6,612,6.8,1,1,2,1,0,0,0,0,0.15,0.15,0.29,0.15,0.29,Matches
298,N'Golo Kanté,fr FRA,MF,Fenerbahçe,34,1991,14,13,"1,141",12.7,2,0,2,2,0,0,3,0,0.16,0,0.16,0.16,0.16,Matches
299,Burak Kapacak,tr TUR,MF,Kayserispor,25,1999,12,1,350,3.9,0,1,1,0,0,0,1,0,0,0.26,0.26,0,0.26,Matches
300,Efecan Karaca,tr TUR,"FW,MF",Alanyaspor,35,1989,19,5,513,5.7,0,0,0,0,0,0,3,0,0,0,0,0,0,Matches
Rk,Player,Nation,Pos,Squad,Age,Born,MP,Starts,Min,90s,Gls,Ast,G+A,G-PK,PK,PKatt,CrdY,CrdR,Gls,Ast,G+A,G-PK,G+A-PK,Matches
301,Samet Karakoç,az AZE,"MF,DF",Antalyaspor,22,2002,21,5,604,6.7,0,3,3,0,0,0,1,0,0,0.45,0.45,0,0.45,Matches
302,Haydar Karataş,tr TUR,MF,Fenerbahçe,18,2007,1,0,2,0,0,0,0,0,0,0,0,0,0,0,0,0,0,Matches
303,Kazımcan Karataş,tr TUR,DF,Başakşehir,22,2003,11,6,704,7.8,0,2,2,0,0,0,2,0,0,0.26,0.26,0,0.26,Matches
304,Kazımcan Karataş,tr TUR,DF,Galatasaray,22,2003,8,4,441,4.9,0,1,1,0,0,0,3,0,0,0.2,0.2,0,0.2,Matches
305,Ali Karimi,ir IRN,MF,Kayserispor,31,1994,2,0,41,0.5,0,0,0,0,0,0,0,0,0,0,0,0,0,Matches
306,Jadel Katongo,zm ZAM,DF,Kayserispor,20,2004,10,7,636,7.1,0,0,0,0,0,0,1,0,0,0,0,0,0,Matches
307,İbrahim Kaya,,"MF,FW",Alanyaspor,24,2001,30,11,"1,163",12.9,6,1,7,5,1,1,2,0,0.46,0.08,0.54,0.39,0.46,Matches
308,Kerem Kayaarası,tr TUR,FW,Antalyaspor,19,2006,1,0,2,0,0,0,0,0,0,0,0,0,0,0,0,0,0,Matches
309,Yalçın Kayan,tr TUR,MF,Samsunspor,26,1999,14,10,834,9.3,0,3,3,0,0,0,5,0,0,0.32,0.32,0,0.32,Matches
310,Yalçın Kayan,tr TUR,MF,Eyüpspor,26,1999,16,11,876,9.7,0,2,2,0,0,0,3,0,0,0.21,0.21,0,0.21,Matches
311,Jakub Kałuziński,pl POL,MF,Antalyaspor,22,2002,4,2,216,2.4,0,0,0,0,0,0,0,0,0,0,0,0,0,Matches
312,Jakub Kałuziński,pl POL,MF,Başakşehir,22,2002,9,2,322,3.6,0,1,1,0,0,0,2,0,0,0.28,0.28,0,0.28,Matches
313,Habib Keita,ml MLI,MF,Kocaelispor,23,2002,28,24,"2,042",22.7,1,2,3,1,0,0,4,0,0.04,0.09,0.13,0.04,0.13,Matches
314,Can Keles,at AUT,"FW,MF",Kocaelispor,23,2001,24,9,861,9.6,0,1,1,0,0,0,2,1,0,0.1,0.1,0,0.1,Matches
315,Thalisson Kelven,br BRA,DF,Gençlerbirliği,27,1998,29,28,"2,526",28.1,2,0,2,2,0,0,7,2,0.07,0,0.07,0.07,0.07,Matches
316,Ensar Kemaloğlu,,MF,Gençlerbirliği,26,1998,1,0,1,0,0,0,0,0,0,0,0,0,0,0,0,0,0,Matches
317,Olivier Kemen,cm CMR,MF,Başakşehir,29,1996,29,26,"2,295",25.5,0,3,3,0,0,0,5,0,0,0.12,0.12,0,0.12,Matches
318,Enes Keskin,,MF,Alanyaspor,24,2001,22,7,754,8.4,0,1,1,0,0,0,1,0,0,0.12,0.12,0,0.12,Matches
319,Abdou Khadre Sy,sn SEN,FW,Eyüpspor,17,2007,3,0,21,0.2,0,0,0,0,0,0,0,0,0,0,0,0,0,Matches
320,Emre Kılınç,tr TUR,"MF,FW",Samsunspor,30,1994,16,14,"1,189",13.2,1,5,6,1,0,0,6,0,0.08,0.38,0.45,0.08,0.45,Matches
321,Arda Kızıldağ,tr TUR,DF,Gaziantep FK,26,1998,25,22,"1,764",19.6,1,0,1,1,0,0,8,0,0.05,0,0.05,0.05,0.05,Matches
322,Arif Kocaman,,DF,Kayserispor,21,2003,5,3,227,2.5,0,0,0,0,0,0,0,0,0,0,0,0,0,Matches
323,Okan Kocuk,tr TUR,GK,Samsunspor,30,1995,31,31,"2,790",31,0,0,0,0,0,0,2,0,0,0,0,0,0,Matches
324,Sekou Koita,ml MLI,"MF,FW",Gençlerbirliği,25,1999,27,22,"1,719",19.1,6,0,6,6,0,0,3,2,0.31,0,0.31,0.31,0.31,Matches
325,Orkun Kökçü,tr TUR,MF,Beşiktaş,24,2000,30,29,"2,474",27.5,8,8,16,6,2,2,5,2,0.29,0.29,0.58,0.22,0.51,Matches
Rk,Player,Nation,Pos,Squad,Age,Born,MP,Starts,Min,90s,Gls,Ast,G+A,G-PK,PK,PKatt,CrdY,CrdR,Gls,Ast,G+A,G-PK,G+A-PK,Matches
326,Abdul Kone,ci CIV,FW,Fatih Karagümrük,17,2007,4,0,43,0.5,0,0,0,0,0,0,0,0,0,0,0,0,0,Matches
327,Nurettin Korkmaz,tr TUR,DF,Kayserispor,23,2002,7,1,166,1.8,0,1,1,0,0,0,1,0,0,0.54,0.54,0,0.54,Matches
328,İsmail Köybaşı,tr TUR,DF,Göztepe,36,1989,9,0,74,0.8,0,0,0,0,0,0,2,1,0,0,0,0,0,Matches
329,Kacper Kozłowski,pl POL,"MF,FW",Gaziantep FK,21,2003,31,30,"2,645",29.4,6,2,8,6,0,0,6,0,0.2,0.07,0.27,0.2,0.27,Matches
330,Blaž Kramer,si SVN,FW,Konyaspor,29,1996,11,7,663,7.4,5,0,5,5,0,0,4,0,0.68,0,0.68,0.68,0.68,Matches
331,Matías Kranevitter,ar ARG,MF,Fatih Karagümrük,32,1993,23,22,"1,771",19.7,1,0,1,1,0,0,5,1,0.05,0,0.05,0.05,0.05,Matches
332,Filip Krastev,bg BUL,MF,Göztepe,23,2001,11,5,490,5.4,0,1,1,0,0,0,1,0,0,0.18,0.18,0,0.18,Matches
333,Enver Kulasin,ba BIH,MF,Gaziantep FK,21,2003,5,1,134,1.5,0,0,0,0,0,0,1,0,0,0,0,0,0,Matches
334,Arda Kurtulan,al ALB,MF,Göztepe,22,2002,31,27,"2,429",27,4,2,6,4,0,0,7,0,0.15,0.07,0.22,0.15,0.22,Matches
335,Fatih Kuruçuk,tr TUR,DF,Fatih Karagümrük,27,1998,5,2,228,2.5,0,0,0,0,0,0,1,0,0,0,0,0,0,Matches
336,Çağtay Kurukalıp,tr TUR,DF,Fatih Karagümrük,23,2002,25,14,"1,278",14.2,0,2,2,0,0,0,2,0,0,0.14,0.14,0,0.14,Matches
337,Berkan Kutlu,tr TUR,MF,Galatasaray,27,1998,7,0,65,0.7,0,1,1,0,0,0,1,0,0,1.38,1.38,0,1.38,Matches
338,Berkan Kutlu,tr TUR,"MF,DF",Konyaspor,27,1998,13,12,"1,054",11.7,2,0,2,2,0,0,3,0,0.17,0,0.17,0.17,0.17,Matches
339,Ahmed Kutucu,tr TUR,"FW,MF",Galatasaray,25,2000,10,0,112,1.2,0,1,1,0,0,0,0,0,0,0.8,0.8,0,0.8,Matches
340,Moussa Kyabou,ml MLI,MF,Gençlerbirliği,27,1998,2,2,146,1.6,0,0,0,0,0,0,0,0,0,0,0,0,0,Matches
341,Qazim Laçi,al ALB,MF,Rizespor,29,1996,32,32,"2,682",29.8,7,9,16,4,3,3,6,1,0.23,0.3,0.54,0.13,0.44,Matches
342,Mohamed Lamine Bayo,gn GUI,FW,Gaziantep FK,27,1998,29,28,"2,339",26,15,3,18,15,0,1,2,0,0.58,0.12,0.69,0.58,0.69,Matches
343,Noa Lang,nl NED,MF,Galatasaray,26,1999,13,7,703,7.8,0,3,3,0,0,0,2,0,0,0.38,0.38,0,0.38,Matches
344,Sam Larsson,se SWE,"MF,FW",Fatih Karagümrük,32,1993,22,20,"1,555",17.3,3,3,6,1,2,2,1,0,0.17,0.17,0.35,0.06,0.23,Matches
345,Mario Lemina,ga GAB,"MF,DF",Galatasaray,31,1993,27,19,"1,679",18.7,2,1,3,2,0,0,6,0,0.11,0.05,0.16,0.11,0.16,Matches
346,Igor Lichnovsky,cl CHI,DF,Fatih Karagümrük,31,1994,13,13,"1,170",13,0,2,2,0,0,0,3,0,0,0.15,0.15,0,0.15,Matches
347,Nuno Lima,pt POR,DF,Alanyaspor,24,2001,32,32,"2,821",31.3,1,1,2,1,0,0,8,0,0.03,0.03,0.06,0.03,0.06,Matches
348,Karol Linetty,pl POL,MF,Kocaelispor,30,1995,25,19,"1,521",16.9,0,2,2,0,0,0,7,0,0,0.12,0.12,0,0.12,Matches
349,Mateusz Lis,pl POL,GK,Göztepe,28,1997,34,34,"3,060",34,0,0,0,0,0,0,3,0,0,0,0,0,0,Matches
350,Dominik Livaković,hr CRO,GK,Fenerbahçe,30,1995,1,1,90,1,0,0,0,0,0,0,0,0,0,0,0,0,0,Matches
Rk,Player,Nation,Pos,Squad,Age,Born,MP,Starts,Min,90s,Gls,Ast,G+A,G-PK,PK,PKatt,CrdY,CrdR,Gls,Ast,G+A,G-PK,G+A-PK,Matches
351,Guilherme Luiz,br BRA,FW,Göztepe,20,2005,13,2,202,2.2,0,0,0,0,0,0,1,0,0,0,0,0,0,Matches
352,Christopher Lungoyi,ch SUI,"MF,FW",Gaziantep FK,25,2000,29,20,"1,796",20,3,2,5,3,0,0,7,0,0.15,0.1,0.25,0.15,0.25,Matches
353,Mathias Løvik,no NOR,DF,Trabzonspor,21,2003,14,8,650,7.2,0,2,2,0,0,0,1,0,0,0.28,0.28,0,0.28,Matches
354,Salem M'bakata,cd COD,DF,Gaziantep FK,27,1998,1,1,34,0.4,0,0,0,0,0,0,0,0,0,0,0,0,0,Matches
355,Maestro,ao ANG,MF,Alanyaspor,21,2003,21,16,"1,424",15.8,1,1,2,1,0,0,6,1,0.06,0.06,0.13,0.06,0.13,Matches
356,Denis Makarov,ru RUS,MF,Kayserispor,27,1998,13,7,646,7.2,0,0,0,0,0,0,3,0,0,0,0,0,0,Matches
357,Antoine Makoumbou,cg CGO,MF,Samsunspor,27,1998,32,23,"2,245",24.9,1,1,2,1,0,0,8,0,0.04,0.04,0.08,0.04,0.08,Matches
358,Gaius Makouta,cg CGO,MF,Alanyaspor,28,1997,33,32,"2,657",29.5,1,0,1,1,0,0,7,0,0.03,0,0.03,0.03,0.03,Matches
359,Salih Malkoçoglu,,DF,Trabzonspor,20,2005,9,3,279,3.1,0,0,0,0,0,0,0,0,0,0,0,0,0,Matches
360,Carlos Mané,gw GNB,MF,Kayserispor,31,1994,22,12,"1,043",11.6,0,1,1,0,0,0,2,0,0,0.09,0.09,0,0.09,Matches
361,Ismaila Manga,sn SEN,MF,Eyüpspor,18,2007,4,0,28,0.3,0,0,0,0,0,0,1,0,0,0,0,0,0,Matches
362,João Mário,pt POR,MF,Beşiktaş,32,1993,2,1,106,1.2,0,0,0,0,0,0,0,0,0,0,0,0,0,Matches
363,Sam Mather,eng ENG,FW,Kayserispor,20,2004,3,1,58,0.6,0,0,0,0,0,0,0,0,0,0,0,0,0,Matches
364,Alexandru Maxim,ro ROU,"MF,FW",Gaziantep FK,35,1990,33,32,"2,680",29.8,5,7,12,1,4,4,7,0,0.17,0.24,0.4,0.03,0.27,Matches
365,Dire Mebude,sct SCO,"MF,FW",Rizespor,21,2004,13,8,737,8.2,2,3,5,2,0,0,0,0,0.24,0.37,0.61,0.24,0.61,Matches
366,João Mendes,pt POR,MF,Kayserispor,30,1994,26,15,"1,502",16.7,0,4,4,0,0,0,4,1,0,0.24,0.24,0,0.24,Matches
367,Joe Mendes,se SWE,"MF,DF",Samsunspor,22,2002,27,11,"1,225",13.6,0,1,1,0,0,0,4,1,0,0.07,0.07,0,0.07,Matches
368,Ryan Mendes,cv CPV,FW,Kocaelispor,35,1990,4,4,271,3,0,0,0,0,0,0,0,0,0,0,0,0,0,Matches
369,Batista Mendy,fr FRA,"DF,MF",Trabzonspor,25,2000,2,0,50,0.6,0,0,0,0,0,0,0,0,0,0,0,0,0,Matches
370,Umut Meraş,tr TUR,DF,Eyüpspor,29,1995,23,20,"1,823",20.3,0,2,2,0,0,0,2,0,0,0.1,0.1,0,0.1,Matches
371,Levent Mercan,de GER,DF,Fenerbahçe,24,2000,21,13,"1,162",12.9,0,3,3,0,0,0,1,0,0,0.23,0.23,0,0.23,Matches
372,Valentin Mihaila,ro ROU,"MF,FW",Rizespor,25,2000,22,15,"1,302",14.5,5,3,8,5,0,0,4,0,0.35,0.21,0.55,0.35,0.55,Matches
373,Metehan Mimaroğlu,,"MF,FW",Gençlerbirliği,31,1994,32,21,"1,964",21.8,6,4,10,5,1,2,3,0,0.27,0.18,0.46,0.23,0.41,Matches
374,Filip Mladenović,rs SRB,DF,Fatih Karagümrük,33,1991,10,10,846,9.4,1,0,1,1,0,0,2,0,0.11,0,0.11,0.11,0.11,Matches
375,Attila Mocsi,hu HUN,DF,Rizespor,25,2000,25,19,"1,751",19.5,2,0,2,2,0,0,3,0,0.1,0,0.1,0.1,0.1,Matches
Rk,Player,Nation,Pos,Squad,Age,Born,MP,Starts,Min,90s,Gls,Ast,G+A,G-PK,PK,PKatt,CrdY,CrdR,Gls,Ast,G+A,G-PK,G+A-PK,Matches
376,Baran Mogultay,de GER,MF,Alanyaspor,21,2004,4,1,100,1.1,0,0,0,0,0,0,0,0,0,0,0,0,0,Matches
377,Musah Mohammed,gh GHA,MF,Göztepe,23,2002,11,1,218,2.4,0,0,0,0,0,0,1,0,0,0,0,0,0,Matches
378,Marius Mouandilmadji,td CHA,FW,Samsunspor,27,1998,34,22,"2,051",22.8,10,4,14,9,1,1,3,0,0.44,0.18,0.61,0.39,0.57,Matches
379,Steve Mounié,bj BEN,FW,Alanyaspor,30,1994,21,6,710,7.9,2,0,2,2,0,0,4,0,0.25,0,0.25,0.25,0.25,Matches
380,Ernest Muçi,al ALB,MF,Beşiktaş,24,2001,1,1,57,0.6,0,0,0,0,0,0,0,0,0,0,0,0,0,Matches
381,Ernest Muçi,al ALB,MF,Trabzonspor,24,2001,26,21,"1,796",20,11,3,14,9,2,2,4,0,0.55,0.15,0.7,0.45,0.6,Matches
382,Arbnor Muja,al ALB,MF,Samsunspor,26,1998,2,0,50,0.6,0,0,0,0,0,0,0,0,0,0,0,0,0,Matches
383,Nihad Mujakić,ba BIH,DF,Gaziantep FK,27,1998,11,9,852,9.5,0,0,0,0,0,0,0,0,0,0,0,0,0,Matches
384,Nihad Mujakić,ba BIH,DF,Eyüpspor,27,1998,16,15,"1,349",15,0,1,1,0,0,0,4,0,0,0.07,0.07,0,0.07,Matches
385,Atakan Müjde,,MF,Kasımpaşa,22,2003,6,2,157,1.7,0,1,1,0,0,0,3,0,0,0.57,0.57,0,0.57,Matches
386,Mert Müldür,tr TUR,DF,Fenerbahçe,26,1999,24,11,"1,219",13.5,1,2,3,1,0,0,4,0,0.07,0.15,0.22,0.07,0.22,Matches
387,Jackson Muleka,cd COD,"MF,FW",Konyaspor,25,1999,29,25,"2,221",24.7,6,3,9,5,1,1,4,0,0.24,0.12,0.36,0.2,0.32,Matches
388,Anthony Musaba,nl NED,MF,Samsunspor,24,2000,15,14,"1,168",13,4,2,6,4,0,0,3,0,0.31,0.15,0.46,0.31,0.46,Matches
389,Anthony Musaba,nl NED,MF,Fenerbahçe,24,2000,17,10,847,9.4,1,3,4,1,0,0,1,0,0.11,0.32,0.43,0.11,0.43,Matches
390,Adamo Nagalo,bf BFA,DF,Konyaspor,22,2002,8,6,598,6.6,0,0,0,0,0,0,4,1,0,0,0,0,0,Matches
391,Michał Nalepa,pl POL,"MF,FW",Gençlerbirliği,30,1995,3,3,260,2.9,0,0,0,0,0,0,2,1,0,0,0,0,0,Matches
392,Umut Nayir,tr TUR,FW,Trabzonspor,32,1993,13,3,396,4.4,1,2,3,1,0,0,1,0,0.23,0.45,0.68,0.23,0.68,Matches
393,Umut Nayir,tr TUR,FW,Konyaspor,32,1993,19,19,"1,667",18.5,8,1,9,7,1,1,1,0,0.43,0.05,0.49,0.38,0.43,Matches
394,Alassane Ndao,sn SEN,"MF,FW",Konyaspor,28,1996,11,11,790,8.8,2,3,5,2,0,0,0,0,0.23,0.34,0.57,0.23,0.57,Matches
395,Badou Ndiaye,sn SEN,MF,Gaziantep FK,34,1990,12,3,420,4.7,0,1,1,0,0,0,4,0,0,0.21,0.21,0,0.21,Matches
396,Cherif Ndiaye,sn SEN,"FW,MF",Samsunspor,29,1996,23,16,"1,420",15.8,7,1,8,7,0,0,4,1,0.44,0.06,0.51,0.44,0.51,Matches
397,Wilfred Ndidi,ng NGA,MF,Beşiktaş,28,1996,25,23,"1,996",22.2,2,0,2,2,0,0,5,0,0.09,0,0.09,0.09,0.09,Matches
398,Renato Nhaga,gw GNB,MF,Galatasaray,18,2007,3,1,101,1.1,1,0,1,1,0,0,0,0,0.89,0,0.89,0.89,0.89,Matches
399,M'Baye Niang,sn SEN,FW,Gençlerbirliği,30,1994,26,19,"1,738",19.3,4,2,6,2,2,2,6,0,0.21,0.1,0.31,0.1,0.21,Matches
400,Rob Nizet,be BEL,DF,Gaziantep FK,23,2002,2,0,22,0.2,0,0,0,0,0,0,0,0,0,0,0,0,0,Matches
Rk,Player,Nation,Pos,Squad,Age,Born,MP,Starts,Min,90s,Gls,Ast,G+A,G-PK,PK,PKatt,CrdY,CrdR,Gls,Ast,G+A,G-PK,G+A-PK,Matches
401,Joseph Nonge,be BEL,"MF,FW",Kocaelispor,20,2005,25,14,"1,195",13.3,0,0,0,0,0,0,3,0,0,0,0,0,0,Matches
402,Olivier Ntcham,cm CMR,MF,Samsunspor,29,1996,24,20,"1,599",17.8,2,1,3,1,1,2,3,0,0.11,0.06,0.17,0.06,0.11,Matches
403,Chibuike Nwaiwu,ng NGA,DF,Trabzonspor,22,2003,16,15,"1,309",14.5,3,1,4,3,0,0,0,0,0.21,0.07,0.28,0.21,0.28,Matches
404,Anthony Nwakaeme,ng NGA,MF,Trabzonspor,36,1989,15,7,644,7.2,0,2,2,0,0,0,1,0,0,0.28,0.28,0,0.28,Matches
405,Prince Obeng Ampem,gh GHA,MF,Eyüpspor,27,1998,20,4,643,7.1,2,0,2,2,0,0,3,0,0.28,0,0.28,0.28,0.28,Matches
406,Uchenna Ogundu,ng NGA,FW,Alanyaspor,19,2006,17,11,982,10.9,2,1,3,2,0,0,3,0,0.18,0.09,0.27,0.18,0.27,Matches
407,Ahmet Oğuz,tr TUR,DF,Kocaelispor,32,1993,28,25,"2,144",23.8,0,2,2,0,0,0,10,0,0,0.08,0.08,0,0.08,Matches
408,Kazeem Olaigbe,be BEL,MF,Konyaspor,22,2003,13,12,944,10.5,0,0,0,0,0,0,1,0,0,0,0,0,0,Matches
409,Kazeem Olaigbe,be BEL,MF,Trabzonspor,22,2003,18,14,"1,086",12.1,0,1,1,0,0,0,0,0,0,0.08,0.08,0,0.08,Matches
410,Junior Olaitan,bj BEN,MF,Beşiktaş,23,2002,14,13,"1,192",13.2,2,2,4,2,0,0,1,0,0.15,0.15,0.3,0.15,0.3,Matches
411,Junior Olaitan,bj BEN,MF,Göztepe,23,2002,17,10,904,10,2,0,2,2,0,0,1,0,0.2,0,0.2,0.2,0.2,Matches
412,Ibrahim Olawoyin,ng NGA,MF,Rizespor,27,1997,28,25,"2,024",22.5,1,1,2,1,0,0,3,0,0.04,0.04,0.09,0.04,0.09,Matches
413,Abdülkadir Ömür,tr TUR,MF,Antalyaspor,26,1999,25,17,"1,316",14.6,0,1,1,0,0,0,2,0,0,0.07,0.07,0,0.07,Matches
414,André Onana,cm CMR,GK,Trabzonspor,29,1996,29,29,"2,526",28.1,0,1,1,0,0,0,3,0,0,0.04,0.04,0,0.04,Matches
415,Jérôme Onguéné,cm CMR,DF,Eyüpspor,27,1997,13,9,784,8.7,0,2,2,0,0,0,3,0,0,0.23,0.23,0,0.23,Matches
416,Paul Onuachu,ng NGA,FW,Trabzonspor,31,1994,30,28,"2,518",28,22,2,24,16,6,7,6,0,0.79,0.07,0.86,0.57,0.64,Matches
417,German Onugkha,ru RUS,FW,Kayserispor,29,1996,27,21,"1,887",21,8,1,9,8,0,0,3,0,0.38,0.05,0.43,0.38,0.43,Matches
418,Samed Onur,tr TUR,MF,Gençlerbirliği,23,2002,25,4,610,6.8,0,1,1,0,0,0,3,0,0,0.15,0.15,0,0.15,Matches
419,Henry Onyekuru,ng NGA,MF,Gençlerbirliği,28,1997,17,3,311,3.5,0,0,0,0,0,1,1,0,0,0,0,0,0,Matches
420,Jayden Oosterwolde,nl NED,DF,Fenerbahçe,24,2001,31,29,"2,624",29.2,0,0,0,0,0,0,13,1,0,0,0,0,0,Matches
421,Christopher Operi,ci CIV,DF,Başakşehir,28,1997,22,22,"1,821",20.2,0,4,4,0,0,0,3,0,0,0.2,0.2,0,0.2,Matches
422,Aaron Opoku,de GER,"DF,MF",Kayserispor,26,1999,19,14,"1,232",13.7,0,2,2,0,0,0,3,0,0,0.15,0.15,0,0.15,Matches
423,Jerome Opoku,gh GHA,DF,Başakşehir,26,1998,32,31,"2,739",30.4,0,1,1,0,0,0,10,0,0,0.03,0.03,0,0.03,Matches
424,Nicholas Opoku,gh GHA,DF,Kasımpaşa,27,1997,30,26,"2,435",27.1,0,0,0,0,0,0,5,0,0,0,0,0,0,Matches
425,Furkan Orak,,DF,Rizespor,24,2001,1,0,12,0.1,0,0,0,0,0,0,0,0,0,0,0,0,0,Matches
Rk,Player,Nation,Pos,Squad,Age,Born,MP,Starts,Min,90s,Gls,Ast,G+A,G-PK,PK,PKatt,CrdY,CrdR,Gls,Ast,G+A,G-PK,G+A-PK,Matches
426,Emir Ortakaya,tr TUR,DF,Eyüpspor,21,2004,9,8,728,8.1,0,0,0,0,0,0,2,0,0,0,0,0,0,Matches
427,Emir Ortakaya,tr TUR,DF,Rizespor,21,2004,3,0,48,0.5,0,0,0,0,0,0,0,0,0,0,0,0,0,Matches
428,Victor Osimhen,ng NGA,FW,Galatasaray,26,1998,22,19,"1,707",19,15,5,20,13,2,2,8,0,0.79,0.26,1.05,0.69,0.95,Matches
429,Sinan Osmanoğlu,tr TUR,DF,Gençlerbirliği,35,1990,7,0,70,0.8,0,0,0,0,0,0,0,0,0,0,0,0,0,Matches
430,Berkay Özcan,tr TUR,MF,Fatih Karagümrük,27,1998,33,26,"2,368",26.3,0,1,1,0,0,0,1,0,0,0.04,0.04,0,0.04,Matches
431,Yasin Özcan,tr TUR,DF,Beşiktaş,19,2006,2,2,166,1.8,0,0,0,0,0,0,0,0,0,0,0,0,0,Matches
432,Ogün Özçiçek,,MF,Gaziantep FK,26,1999,21,13,"1,173",13,0,0,0,0,0,0,4,0,0,0,0,0,0,Matches
433,Berat Özdemir,tr TUR,"MF,DF",Başakşehir,27,1998,17,10,918,10.2,0,0,0,0,0,0,2,0,0,0,0,0,0,Matches
434,Yusuf Özdemir,tr TUR,MF,Alanyaspor,24,2001,11,10,906,10.1,1,1,2,1,0,0,1,0,0.1,0.1,0.2,0.1,0.2,Matches
435,Berke Özer,tr TUR,GK,Eyüpspor,25,2000,1,1,90,1,0,0,0,0,0,0,0,0,0,0,0,0,0,Matches
436,Serhat Öztaşdelen,,GK,Kocaelispor,20,2004,7,7,630,7,0,0,0,0,0,0,0,0,0,0,0,0,0,Matches
437,Bahadır Öztürk,tr TUR,DF,Antalyaspor,29,1995,9,4,344,3.8,0,0,0,0,0,0,2,0,0,0,0,0,0,Matches
438,Arda Özyar,,FW,Kocaelispor,18,2007,1,0,21,0.2,0,0,0,0,0,0,0,0,0,0,0,0,0,Matches
439,Bedirhan Özyurt,,DF,Eyüpspor,22,2003,12,11,907,10.1,0,1,1,0,0,0,2,2,0,0.1,0.1,0,0.1,Matches
440,Kenneth Paal,sr SUR,"DF,MF",Antalyaspor,28,1997,34,32,"2,880",32,0,0,0,0,0,0,4,0,0,0,0,0,0,Matches
441,Mithat Pala,tr TUR,"DF,MF",Rizespor,24,2000,30,21,"1,949",21.7,2,0,2,2,0,0,1,0,0.09,0,0.09,0.09,0.09,Matches
442,Giannis Papanikolaou,gr GRE,MF,Rizespor,26,1998,30,22,"1,835",20.4,1,0,1,1,0,0,6,1,0.05,0,0.05,0.05,0.05,Matches
443,Gabriel Paulista,br BRA,DF,Beşiktaş,34,1990,10,10,863,9.6,0,1,1,0,0,0,1,0,0,0.1,0.1,0,0.1,Matches
444,Pedrinho,br BRA,MF,Konyaspor,28,1996,15,6,672,7.5,1,0,1,0,1,1,0,0,0.13,0,0.13,0,0,Matches
445,Pedro Pereira,pt POR,DF,Gençlerbirliği,27,1998,30,29,"2,619",29.1,0,1,1,0,0,0,11,0,0,0.03,0.03,0,0.03,Matches
446,Luis Pérez,es ESP,"MF,DF",Gaziantep FK,30,1995,24,20,"1,654",18.4,0,1,1,0,0,0,2,0,0,0.05,0.05,0,0.05,Matches
447,Bruno Petković,hr CRO,FW,Kocaelispor,30,1994,18,15,"1,334",14.8,7,0,7,5,2,2,2,0,0.47,0,0.47,0.34,0.34,Matches
448,Frantzdy Pierrot,ht HAI,FW,Rizespor,30,1995,10,0,123,1.4,0,0,0,0,0,0,0,0,0,0,0,0,0,Matches
449,Wagner Pina,cv CPV,DF,Trabzonspor,22,2002,31,28,"2,439",27.1,0,7,7,0,0,0,4,1,0,0.26,0.26,0,0.26,Matches
450,Lenny Pintor,fr FRA,"MF,FW",Eyüpspor,24,2000,16,9,768,8.5,0,0,0,0,0,0,2,0,0,0,0,0,0,Matches
Rk,Player,Nation,Pos,Squad,Age,Born,MP,Starts,Min,90s,Gls,Ast,G+A,G-PK,PK,PKatt,CrdY,CrdR,Gls,Ast,G+A,G-PK,G+A-PK,Matches
451,Onurcan Piri,tr TUR,GK,Kayserispor,30,1994,4,4,360,4,0,0,0,0,0,0,1,0,0,0,0,0,0,Matches
452,Daniel Popa,ro ROU,FW,Gençlerbirliği,31,1994,1,1,67,0.7,0,0,0,0,0,0,0,0,0,0,0,0,0,Matches
453,Denis Radu,ro ROU,"MF,FW",Eyüpspor,22,2003,15,7,658,7.3,0,2,2,0,0,0,2,1,0,0.27,0.27,0,0.27,Matches
454,Jesurun Rak Sakyi,gh GHA,MF,Rizespor,22,2002,11,11,807,9,4,1,5,4,0,0,1,0,0.45,0.11,0.56,0.45,0.56,Matches
455,Milot Rashica,xk KVX,MF,Beşiktaş,29,1996,25,8,986,11,1,3,4,1,0,0,1,0,0.09,0.27,0.37,0.09,0.37,Matches
456,Rhaldney,br BRA,MF,Göztepe,26,1998,18,12,"1,083",12,1,1,2,1,0,0,3,1,0.08,0.08,0.17,0.08,0.17,Matches
457,Rigoberto Rivas,hn HON,"MF,FW",Kocaelispor,27,1998,22,13,"1,176",13.1,1,1,2,1,0,0,4,0,0.08,0.08,0.15,0.08,0.15,Matches
458,Enzo Roco,cl CHI,DF,Fatih Karagümrük,32,1992,7,7,575,6.4,0,0,0,0,0,0,2,0,0,0,0,0,0,Matches
459,Kévin Rodrigues,pt POR,"DF,MF",Gaziantep FK,31,1994,28,26,"2,284",25.4,2,3,5,2,0,0,7,1,0.08,0.12,0.2,0.08,0.2,Matches
460,Dorin Rotariu,ro ROU,"FW,MF",Eyüpspor,30,1995,4,0,73,0.8,0,1,1,0,0,0,0,0,0,1.23,1.23,0,1.23,Matches
461,Ruan,br BRA,MF,Alanyaspor,20,2005,28,26,"2,245",24.9,1,1,2,1,0,0,4,0,0.04,0.04,0.08,0.04,0.08,Matches
462,Ruan,br BRA,MF,Göztepe,30,1995,2,1,114,1.3,0,0,0,0,0,0,1,0,0,0,0,0,0,Matches
463,Serdar Saatçı,tr TUR,DF,Trabzonspor,22,2003,3,2,186,2.1,0,0,0,0,0,0,0,0,0,0,0,0,0,Matches
464,Ibrahim Sabra,jo JOR,FW,Göztepe,19,2006,9,0,91,1,1,0,1,1,0,0,1,0,0.99,0,0.99,0.99,0.99,Matches
465,Christ Sadia,ci CIV,MF,Eyüpspor,18,2007,3,0,14,0.2,0,0,0,0,0,0,0,0,0,0,0,0,0,Matches
466,Ramzi Safouri,il ISR,MF,Antalyaspor,29,1995,25,21,"1,787",19.9,1,5,6,1,0,0,8,0,0.05,0.25,0.3,0.05,0.3,Matches
467,Ahmet Sagat,de GER,FW,Kocaelispor,29,1996,2,0,2,0,0,0,0,0,0,0,0,0,0,0,0,0,0,Matches
468,Görkem Sağlam,de GER,MF,Kayserispor,27,1998,11,2,292,3.2,0,0,0,0,0,0,2,0,0,0,0,0,0,Matches
469,Modibo Sagnan,ml MLI,DF,Rizespor,26,1999,20,17,"1,498",16.6,1,1,2,1,0,0,6,0,0.06,0.06,0.12,0.06,0.12,Matches
470,Devrim Şahin,,MF,Beşiktaş,18,2007,4,2,162,1.8,0,0,0,0,0,0,0,0,0,0,0,0,0,Matches
471,Samuel Sáiz,es ESP,"FW,MF",Eyüpspor,34,1991,1,0,1,0,0,0,0,0,0,0,0,0,0,0,0,0,0,Matches
472,Roland Sallai,hu HUN,"DF,MF",Galatasaray,28,1997,30,26,"2,346",26.1,1,3,4,1,0,0,4,1,0.04,0.12,0.15,0.04,0.15,Matches
473,Davinson Sánchez,co COL,DF,Galatasaray,29,1996,30,29,"2,419",26.9,1,0,1,1,0,0,6,1,0.04,0,0.04,0.04,0.04,Matches
474,Leroy Sané,de GER,MF,Galatasaray,29,1996,28,27,"2,280",25.3,7,5,12,7,0,0,1,1,0.28,0.2,0.47,0.28,0.47,Matches
475,Nazim Sangaré,tr TUR,DF,Gaziantep FK,31,1994,15,13,"1,146",12.7,0,0,0,0,0,0,5,1,0,0,0,0,0,Matches
Rk,Player,Nation,Pos,Squad,Age,Born,MP,Starts,Min,90s,Gls,Ast,G+A,G-PK,PK,PKatt,CrdY,CrdR,Gls,Ast,G+A,G-PK,G+A-PK,Matches
476,Juan Santos,br BRA,FW,Göztepe,23,2002,32,30,"2,571",28.6,11,4,15,11,0,2,6,1,0.39,0.14,0.53,0.39,0.53,Matches
477,Gabriel Sara,br BRA,MF,Galatasaray,26,1999,27,21,"1,834",20.4,5,4,9,5,0,0,1,0,0.25,0.2,0.44,0.25,0.44,Matches
478,Veysel Sarı,tr TUR,DF,Antalyaspor,37,1988,22,22,"1,923",21.4,1,1,2,1,0,0,4,0,0.05,0.05,0.09,0.05,0.09,Matches
479,Yusuf Sari,tr TUR,MF,Başakşehir,26,1998,21,18,"1,457",16.2,1,6,7,1,0,0,1,0,0.06,0.37,0.43,0.06,0.43,Matches
480,Talha Sarıarslan,tr TUR,FW,Kayserispor,21,2004,14,1,164,1.8,2,2,4,2,0,0,1,0,1.1,1.1,2.2,1.1,2.2,Matches
481,Dario Šarić,ba BIH,MF,Antalyaspor,28,1997,24,16,"1,396",15.5,1,1,2,1,0,0,2,0,0.06,0.06,0.13,0.06,0.13,Matches
482,Ľubomír Šatka,sk SVK,DF,Samsunspor,29,1995,27,25,"2,146",23.8,0,1,1,0,0,0,1,0,0,0.04,0.04,0,0.04,Matches
483,Stefan Savić,me MNE,DF,Trabzonspor,34,1991,22,20,"1,756",19.5,1,1,2,1,0,0,3,0,0.05,0.05,0.1,0.05,0.1,Matches
484,Gökhan Sazdağı,tr TUR,DF,Beşiktaş,30,1994,17,14,"1,305",14.5,0,0,0,0,0,0,3,0,0,0,0,0,0,Matches
485,Gökhan Sazdağı,tr TUR,DF,Kayserispor,30,1994,3,3,270,3,0,0,0,0,0,0,2,0,0,0,0,0,0,Matches
486,Davie Selke,de GER,FW,Başakşehir,30,1995,24,15,"1,198",13.3,10,0,10,8,2,2,5,1,0.75,0,0.75,0.6,0.6,Matches
487,Nélson Semedo,pt POR,DF,Fenerbahçe,31,1993,26,25,"1,933",21.5,1,3,4,1,0,0,8,0,0.05,0.14,0.19,0.05,0.19,Matches
488,Ahmet Şen,tr TUR,GK,Galatasaray,26,1999,2,0,70,0.8,0,0,0,0,0,0,0,0,0,0,0,0,0,Matches
489,Muhammed Şengezer,tr TUR,GK,Başakşehir,28,1997,33,33,"2,970",33,0,1,1,0,0,0,1,0,0,0.03,0.03,0,0.03,Matches
490,Tarkan Serbest,tr TUR,MF,Kocaelispor,31,1994,6,2,239,2.7,0,0,0,0,0,0,0,0,0,0,0,0,0,Matches
491,Svit Sešlar,si SVN,"MF,FW",Eyüpspor,23,2002,10,6,555,6.2,1,1,2,1,0,0,0,0,0.16,0.16,0.32,0.16,0.32,Matches
492,Enes Seven,,FW,Konyaspor,18,2007,1,0,1,0,0,0,0,0,0,0,0,0,0,0,0,0,0,Matches
493,Eldor Shomurodov,uz UZB,"MF,FW",Başakşehir,30,1995,34,34,"2,916",32.4,22,5,27,18,4,4,0,0,0.68,0.15,0.83,0.56,0.71,Matches
494,Show,ao ANG,MF,Kocaelispor,26,1999,30,25,"2,316",25.7,0,0,0,0,0,0,12,1,0,0,0,0,0,Matches
495,Danylo Sikan,ua UKR,MF,Trabzonspor,24,2001,13,1,247,2.7,1,0,1,1,0,0,2,0,0.36,0,0.36,0.36,0.36,Matches
496,Jota Silva,pt POR,MF,Beşiktaş,25,1999,18,5,582,6.5,4,0,4,4,0,0,1,0,0.62,0,0.62,0.62,0.62,Matches
497,Rafa Silva,pt POR,MF,Beşiktaş,32,1993,10,10,816,9.1,5,1,6,5,0,0,0,0,0.55,0.11,0.66,0.55,0.66,Matches
498,Wilfried Singo,ci CIV,DF,Galatasaray,24,2000,19,11,951,10.6,2,1,3,2,0,0,3,0,0.19,0.09,0.28,0.19,0.28,Matches
499,Doğukan Sınık,tr TUR,MF,Antalyaspor,26,1999,20,9,838,9.3,0,2,2,0,0,0,5,1,0,0.21,0.21,0,0.21,Matches
500,Guilherme Sityá,pt POR,"DF,MF",Konyaspor,35,1990,22,21,"1,858",20.6,0,1,1,0,0,0,3,0,0,0.05,0.05,0,0.05,Matches
Rk,Player,Nation,Pos,Squad,Age,Born,MP,Starts,Min,90s,Gls,Ast,G+A,G-PK,PK,PKatt,CrdY,CrdR,Gls,Ast,G+A,G-PK,G+A-PK,Matches
501,Ahmet Sivri,,"MF,FW",Fatih Karagümrük,26,1999,9,3,299,3.3,0,0,0,0,0,0,0,0,0,0,0,0,0,Matches
502,Milan Škriniar,sk SVK,DF,Fenerbahçe,30,1995,24,24,"2,115",23.5,2,0,2,2,0,0,6,0,0.09,0,0.09,0.09,0.09,Matches
503,Hrvoje Smolčić,hr CRO,DF,Kocaelispor,24,2000,26,26,"2,226",24.7,1,1,2,1,0,0,2,0,0.04,0.04,0.08,0.04,0.08,Matches
504,Deian Sorescu,ro ROU,"MF,DF",Gaziantep FK,27,1997,25,16,"1,553",17.3,3,2,5,2,1,2,4,0,0.17,0.12,0.29,0.12,0.23,Matches
505,Afonso Sousa,pt POR,MF,Samsunspor,25,2000,8,1,176,2,1,1,2,1,0,0,1,0,0.51,0.51,1.02,0.51,1.02,Matches
506,Ali Sowe,gm GAM,FW,Rizespor,31,1994,32,26,"2,284",25.4,8,4,12,8,0,0,3,0,0.32,0.16,0.47,0.32,0.47,Matches
507,Furkan Soyalp,tr TUR,MF,Kayserispor,30,1995,28,22,"1,800",20,1,0,1,1,0,0,7,0,0.05,0,0.05,0.05,0.05,Matches
508,Çağlar Söyüncü,tr TUR,DF,Fenerbahçe,29,1996,11,10,770,8.6,0,1,1,0,0,0,0,0,0,0.12,0.12,0,0.12,Matches
509,Andraž Šporar,si SVN,FW,Alanyaspor,31,1994,2,2,164,1.8,0,0,0,0,0,0,0,0,0,0,0,0,0,Matches
510,Marius Ştefănescu,ro ROU,MF,Konyaspor,26,1998,8,1,167,1.9,0,0,0,0,0,0,0,0,0,0,0,0,0,Matches
511,Taras Stepanenko,ua UKR,MF,Eyüpspor,35,1989,8,6,528,5.9,0,0,0,0,0,0,3,0,0,0,0,0,0,Matches
512,Nikola Storm,be BEL,"MF,FW",Antalyaspor,30,1994,28,20,"1,617",18,4,1,5,4,0,0,1,0,0.22,0.06,0.28,0.22,0.28,Matches
513,Sander van de Streek,nl NED,"FW,MF",Antalyaspor,32,1993,31,28,"2,338",26,6,4,10,6,0,0,5,1,0.23,0.15,0.38,0.23,0.38,Matches
514,Mahamadou Susoho,es ESP,MF,Kocaelispor,20,2005,9,5,513,5.7,0,0,0,0,0,0,0,0,0,0,0,0,0,Matches
515,Sander Svendsen,no NOR,"MF,FW",Konyaspor,27,1997,11,4,373,4.1,0,0,0,0,0,0,0,0,0,0,0,0,0,Matches
516,Jonas Svensson,no NOR,DF,Beşiktaş,32,1993,5,4,344,3.8,0,0,0,0,0,0,1,0,0,0,0,0,0,Matches
517,Oleksandr Syrota,ua UKR,DF,Kocaelispor,25,2000,6,4,362,4,0,0,0,0,0,0,0,0,0,0,0,0,0,Matches
518,Attila Szalai,hu HUN,DF,Kasımpaşa,27,1998,15,14,"1,163",12.9,0,1,1,0,0,0,1,0,0,0.08,0.08,0,0.08,Matches
519,Sebastian Szymański,pl POL,MF,Fenerbahçe,26,1999,14,4,448,5,1,0,1,1,0,0,0,0,0.2,0,0.2,0.2,0.2,Matches
520,Muhammet Taha Şahin,,"DF,MF",Rizespor,24,2000,27,19,"1,791",19.9,1,0,1,1,0,0,4,0,0.05,0,0.05,0.05,0.05,Matches
521,Tayyib Talha Sanuç,tr TUR,DF,Gaziantep FK,25,1999,18,16,"1,333",14.8,0,0,0,0,0,0,4,0,0,0,0,0,0,Matches
522,Tayyib Talha Sanuç,tr TUR,DF,Beşiktaş,25,1999,1,0,1,0,0,0,0,0,0,0,0,0,0,0,0,0,0,Matches
523,Talisca,br BRA,"MF,FW",Fenerbahçe,31,1994,30,24,"1,944",21.6,19,4,23,14,5,8,2,0,0.88,0.19,1.06,0.65,0.83,Matches
524,Emre Taşdemir,tr TUR,DF,Kasımpaşa,29,1995,5,1,53,0.6,0,0,0,0,0,0,0,0,0,0,0,0,0,Matches
525,Ilter Tashkin,az AZE,MF,Eyüpspor,31,1994,22,13,"1,071",11.9,0,0,0,0,0,0,6,0,0,0,0,0,0,Matches
Rk,Player,Nation,Pos,Squad,Age,Born,MP,Starts,Min,90s,Gls,Ast,G+A,G-PK,PK,PKatt,CrdY,CrdR,Gls,Ast,G+A,G-PK,G+A-PK,Matches
526,Ertuğrul Taşkıran,tr TUR,GK,Alanyaspor,35,1989,20,20,"1,800",20,0,0,0,0,0,0,2,0,0,0,0,0,0,Matches
527,Elayis Tavsan,nl NED,"MF,FW",Samsunspor,24,2001,15,8,813,9,2,2,4,2,0,0,1,0,0.22,0.22,0.44,0.22,0.44,Matches
528,Serkan Terzi,tr TUR,DF,Beşiktaş,21,2004,1,0,21,0.2,0,0,0,0,0,0,0,0,0,0,0,0,0,Matches
529,Ahmet Tırpancı,,DF,Konyaspor,18,2007,1,0,1,0,0,0,0,0,0,0,0,0,0,0,0,0,0,Matches
530,Dorukhan Toköz,tr TUR,"MF,DF",Kayserispor,29,1996,26,17,"1,338",14.9,0,0,0,0,0,0,5,1,0,0,0,0,0,Matches
531,Logi Tómasson,is ISL,DF,Samsunspor,24,2000,29,26,"2,256",25.1,1,4,5,1,0,0,5,0,0.04,0.16,0.2,0.04,0.2,Matches
532,Franco Tongya,it ITA,MF,Gençlerbirliği,23,2002,28,27,"2,267",25.2,5,3,8,4,1,1,6,1,0.2,0.12,0.32,0.16,0.28,Matches
533,Emir Topçu,tr TUR,DF,Beşiktaş,24,2000,21,20,"1,740",19.3,1,0,1,1,0,0,9,0,0.05,0,0.05,0.05,0.05,Matches
534,Lucas Torreira,uy URU,MF,Galatasaray,29,1996,30,28,"2,213",24.6,3,4,7,3,0,0,5,0,0.12,0.16,0.28,0.12,0.28,Matches
535,Ángel Torres,co COL,"MF,FW",Eyüpspor,25,2000,11,6,545,6.1,0,1,1,0,0,0,0,0,0,0.17,0.17,0,0.17,Matches
536,Cenk Tosun,tr TUR,"FW,MF",Fenerbahçe,34,1991,5,0,65,0.7,0,1,1,0,0,0,0,0,0,1.38,1.38,0,1.38,Matches
537,Cenk Tosun,tr TUR,FW,Kasımpaşa,34,1991,11,4,368,4.1,1,0,1,1,0,0,4,0,0.24,0,0.24,0.24,0.24,Matches
538,Adama Traoré,ml MLI,"MF,FW",Gençlerbirliği,30,1995,16,11,"1,070",11.9,2,1,3,2,0,0,4,0,0.17,0.08,0.25,0.17,0.25,Matches
539,Ahmed Traore,ci CIV,MF,Fatih Karagümrük,18,2007,14,4,390,4.3,1,0,1,1,0,0,1,0,0.23,0,0.23,0.23,0.23,Matches
540,Indrit Tuci,al ALB,"FW,MF",Kayserispor,24,2000,20,6,790,8.8,3,0,3,3,0,0,1,0,0.34,0,0.34,0.34,0.34,Matches
541,Ozan Tufan,tr TUR,"MF,DF",Trabzonspor,30,1995,25,15,"1,432",15.9,1,2,3,1,0,0,4,0,0.06,0.13,0.19,0.06,0.19,Matches
542,Muhammet Tunahan Taşçı,tr TUR,MF,Konyaspor,23,2002,13,0,223,2.5,1,1,2,1,0,0,1,0,0.4,0.4,0.81,0.4,0.81,Matches
543,Hüseyin Türkmen,tr TUR,DF,Antalyaspor,27,1998,20,16,"1,430",15.9,0,0,0,0,0,0,0,0,0,0,0,0,0,Matches
544,Deniz Turuc,tr TUR,MF,Konyaspor,32,1993,13,13,"1,036",11.5,1,1,2,1,0,0,8,0,0.09,0.09,0.17,0.09,0.17,Matches
545,Deniz Turuc,tr TUR,MF,Başakşehir,32,1993,12,5,475,5.3,0,1,1,0,0,0,2,0,0,0.19,0.19,0,0.19,Matches
546,Salih Uçan,tr TUR,MF,Beşiktaş,31,1994,19,5,523,5.8,0,0,0,0,0,0,3,0,0,0,0,0,0,Matches
547,Nikoloz Ugrekhelidze,ge GEO,DF,Fatih Karagümrük,21,2003,4,2,180,2,0,0,0,0,0,0,1,0,0,0,0,0,0,Matches
548,Hwang Ui-jo,kr KOR,"MF,FW",Alanyaspor,32,1992,33,30,"2,452",27.2,4,6,10,4,0,0,2,0,0.15,0.22,0.37,0.15,0.37,Matches
549,Oğulcan Ülgün,tr TUR,MF,Gençlerbirliği,27,1998,25,21,"1,614",17.9,4,3,7,4,0,0,5,0,0.22,0.17,0.39,0.22,0.39,Matches
550,Talha Ulvan,be BEL,DF,Eyüpspor,24,2001,20,12,"1,112",12.4,2,0,2,2,0,0,3,0,0.16,0,0.16,0.16,0.16,Matches
Rk,Player,Nation,Pos,Squad,Age,Born,MP,Starts,Min,90s,Gls,Ast,G+A,G-PK,PK,PKatt,CrdY,CrdR,Gls,Ast,G+A,G-PK,G+A-PK,Matches
551,Cengiz Ünder,tr TUR,MF,Beşiktaş,28,1997,26,14,"1,164",12.9,5,3,8,4,1,2,3,0,0.39,0.23,0.62,0.31,0.54,Matches
552,Cengiz Ünder,tr TUR,"FW,MF",Fenerbahçe,28,1997,1,0,9,0.1,0,0,0,0,0,0,0,0,0,0,0,0,0,Matches
553,Arda Ünyay,tr TUR,DF,Galatasaray,18,2007,8,1,210,2.3,0,0,0,0,0,0,0,0,0,0,0,0,0,Matches
554,Kamil Uregen,,DF,Fenerbahçe,17,2008,1,0,45,0.5,0,0,0,0,0,0,0,0,0,0,0,0,0,Matches
555,Cem Üstündag,at AUT,MF,Kasımpaşa,24,2001,18,9,940,10.4,0,0,0,0,0,0,2,0,0,0,0,0,0,Matches
556,Necip Uysal,tr TUR,MF,Beşiktaş,34,1991,2,1,81,0.9,0,0,0,0,0,0,1,0,0,0,0,0,0,Matches
557,Fıratcan Üzüm,,"DF,MF",Gençlerbirliği,26,1999,8,4,353,3.9,0,0,0,0,0,0,0,0,0,0,0,0,0,Matches
558,Dal Varesanovic,ba BIH,MF,Rizespor,24,2001,2,0,54,0.6,1,0,1,1,0,0,0,0,1.67,0,1.67,1.67,1.67,Matches
559,Dal Varesanovic,ba BIH,MF,Gençlerbirliği,24,2001,12,3,288,3.2,0,0,0,0,0,0,0,0,0,0,0,0,0,Matches
560,Devis Vásquez,co COL,GK,Beşiktaş,27,1998,1,1,90,1,0,0,0,0,0,0,0,0,0,0,0,0,0,Matches
561,Ricardo Velho,pt POR,GK,Gençlerbirliği,26,1998,23,23,"2,070",23,0,0,0,0,0,0,0,0,0,0,0,0,0,Matches
562,Daniele Verde,it ITA,MF,Fatih Karagümrük,29,1996,8,6,489,5.4,1,4,5,1,0,0,0,0,0.18,0.74,0.92,0.18,0.92,Matches
563,Bruno Viana,br BRA,DF,Alanyaspor,30,1995,6,4,389,4.3,0,0,0,0,0,0,1,0,0,0,0,0,0,Matches
564,Paulo Victor Vidotti,br BRA,GK,Alanyaspor,38,1987,14,14,"1,260",14,0,0,0,0,0,0,3,0,0,0,0,0,0,Matches
565,Edin Višća,ba BIH,MF,Trabzonspor,35,1990,9,2,189,2.1,0,0,0,0,0,0,0,0,0,0,0,0,0,Matches
566,Güray Vural,tr TUR,"MF,FW",Antalyaspor,37,1988,4,3,275,3.1,2,0,2,2,0,0,1,0,0.65,0,0.65,0.65,0.65,Matches
567,Mateusz Wieteska,pl POL,DF,Kocaelispor,28,1997,1,1,21,0.2,0,0,0,0,0,0,0,0,0,0,0,0,0,Matches
568,Cláudio Winck,br BRA,DF,Kasımpaşa,31,1994,27,26,"2,300",25.6,3,1,4,3,0,0,6,0,0.12,0.04,0.16,0.12,0.16,Matches
569,Eren Yağmur,,FW,Konyaspor,18,2007,2,1,76,0.8,1,1,2,1,0,0,0,0,1.18,1.18,2.37,1.18,2.37,Matches
570,Güven Yalçın,tr TUR,"FW,MF",Alanyaspor,26,1999,28,12,999,11.1,8,0,8,7,1,1,2,0,0.72,0,0.72,0.63,0.63,Matches
571,Robin Yalçın,de GER,DF,Eyüpspor,31,1994,19,18,"1,625",18.1,0,0,0,0,0,0,0,0,0,0,0,0,0,Matches
572,Samet Yalçın,,MF,Kocaelispor,31,1994,12,3,267,3,0,0,0,0,0,0,0,1,0,0,0,0,0,Matches
573,Polat Yaldır,tr TUR,FW,Samsunspor,22,2003,6,0,94,1,0,0,0,0,0,0,0,0,0,0,0,0,0,Matches
574,Ata Yanik,tr TUR,DF,Konyaspor,16,2009,1,1,90,1,0,0,0,0,0,0,0,0,0,0,0,0,0,Matches
575,Karahan Yasir Subaşı,tr TUR,"DF,MF",Konyaspor,29,1996,12,5,509,5.7,0,0,0,0,0,0,0,0,0,0,0,0,0,Matches
Rk,Player,Nation,Pos,Squad,Age,Born,MP,Starts,Min,90s,Gls,Ast,G+A,G-PK,PK,PKatt,CrdY,CrdR,Gls,Ast,G+A,G-PK,G+A-PK,Matches
576,Zeki Yavru,tr TUR,DF,Samsunspor,33,1991,28,25,"2,008",22.3,0,1,1,0,0,0,3,0,0,0.04,0.04,0,0.04,Matches
577,Arda Yavuz,,DF,Eyüpspor,19,2006,2,1,68,0.8,0,0,0,0,0,0,0,0,0,0,0,0,0,Matches
578,Batuhan Yavuz,tr TUR,DF,Alanyaspor,20,2005,1,0,1,0,0,0,0,0,0,0,0,0,0,0,0,0,0,Matches
579,Ali Yavuz Kol,tr TUR,MF,Kasımpaşa,24,2001,24,5,719,8,0,0,0,0,0,0,3,0,0,0,0,0,0,Matches
580,Uğurcan Yazgılı,tr TUR,DF,Konyaspor,26,1999,26,24,"2,001",22.2,0,1,1,0,0,0,9,0,0,0.04,0.04,0,0.04,Matches
581,Erdoğan Yeşilyurt,,"DF,MF",Antalyaspor,31,1993,8,5,391,4.3,0,1,1,0,0,0,4,0,0,0.23,0.23,0,0.23,Matches
582,Abdullah Yiğiter,,GK,Antalyaspor,25,2000,14,14,"1,260",14,0,0,0,0,0,0,3,0,0,0,0,0,0,Matches
583,Bertuğ Yıldırım,tr TUR,FW,Başakşehir,23,2002,19,5,561,6.2,7,1,8,7,0,0,2,0,1.12,0.16,1.28,1.12,1.28,Matches
584,Ege Yıldırım,,DF,Göztepe,18,2007,1,0,9,0.1,0,0,0,0,0,0,0,0,0,0,0,0,0,Matches
585,Engin Yıldırım,tr TUR,FW,Antalyaspor,20,2005,10,0,158,1.8,0,0,0,0,0,0,1,0,0,0,0,0,0,Matches
586,Berk Yıldızlı,,FW,Kasımpaşa,20,2005,1,0,3,0,0,0,0,0,0,0,0,0,0,0,0,0,0,Matches
587,Jankat Yilmaz,tr TUR,GK,Eyüpspor,20,2004,14,14,"1,260",14,0,0,0,0,0,0,3,0,0,0,0,0,0,Matches
588,Kartal Yılmaz,tr TUR,MF,Beşiktaş,24,2000,13,5,518,5.8,0,1,1,0,0,0,2,0,0,0.17,0.17,0,0.17,Matches
589,Mert Yilmaz,tr TUR,"DF,MF",Antalyaspor,26,1999,3,0,21,0.2,0,0,0,0,0,0,1,0,0,0,0,0,0,Matches
590,Rıdvan Yılmaz,tr TUR,DF,Beşiktaş,24,2001,25,23,"2,088",23.2,0,0,0,0,0,0,4,0,0,0,0,0,0,Matches
591,Okay Yokuşlu,tr TUR,"MF,DF",Trabzonspor,31,1994,22,10,889,9.9,1,0,1,1,0,0,1,1,0.1,0,0.1,0.1,0.1,Matches
592,İsmail Yüksek,tr TUR,MF,Fenerbahçe,26,1999,30,19,"1,765",19.6,1,2,3,1,0,0,5,0,0.05,0.1,0.15,0.05,0.15,Matches
593,Celil Yüksel,tr TUR,MF,Samsunspor,27,1998,20,14,"1,155",12.8,0,1,1,0,0,0,2,0,0,0.08,0.08,0,0.08,Matches
594,Esat Yusuf Narin,,MF,Kocaelispor,18,2007,2,0,23,0.3,0,0,0,0,0,0,0,0,0,0,0,0,0,Matches
595,Ada Yüzgeç,tr TUR,FW,Galatasaray,16,2009,1,0,1,0,0,0,0,0,0,0,0,0,0,0,0,0,0,Matches
596,Nicolò Zaniolo,it ITA,"FW,MF",Galatasaray,26,1999,4,0,54,0.6,0,1,1,0,0,0,0,0,0,1.67,1.67,0,1.67,Matches
597,Altin Zeqiri,xk KVX,"MF,FW",Rizespor,25,2000,23,5,704,7.8,1,0,1,1,0,0,3,0,0.13,0,0.13,0.13,0.13,Matches
598,Oleksandr Zubkov,ua UKR,MF,Trabzonspor,28,1996,30,25,"2,170",24.1,4,7,11,4,0,0,1,0,0.17,0.29,0.46,0.17,0.46,Matches
599,Žan Žužek,si SVN,"DF,MF",Gençlerbirliği,28,1997,33,31,"2,740",30.4,2,0,2,2,0,0,5,0,0.07,0,0.07,0.07,0.07,Matches
600,Mateusz Łęgowski,pl POL,"MF,FW",Eyüpspor,22,2003,26,18,"1,564",17.4,2,1,3,2,0,0,5,0,0.12,0.06,0.17,0.12,0.17,Matches
Rk,Player,Nation,Pos,Squad,Age,Born,MP,Starts,Min,90s,Gls,Ast,G+A,G-PK,PK,PKatt,CrdY,CrdR,Gls,Ast,G+A,G-PK,G+A-PK,Matches
